cheese,url,milk,country,region,family,type,fat_content,calcium_content,texture,rind,color,flavor,aroma,vegetarian,vegan,synonyms,alt_spellings,producers
2,0,4,75,-1,-1,48,-1,-1,12,10,16,623,51,0,0,-1,-1,167
3,1,18,36,238,-1,40,-1,-1,120,7,16,73,242,1,0,1,-1,-1
4,2,4,36,-1,-1,39,55,-1,251,10,8,-1,0,0,0,-1,-1,-1
5,3,4,36,54,-1,51,-1,-1,122,10,15,37,46,0,0,-1,-1,-1
6,1178,4,36,282,-1,63,-1,-1,157,10,15,367,284,0,0,-1,94,-1
7,4,4,36,347,-1,39,-1,-1,300,10,11,571,274,0,0,-1,-1,2
8,5,4,36,215,-1,51,69,-1,299,10,11,498,126,0,0,-1,-1,3
9,6,4,31,222,4,39,-1,-1,105,7,11,494,0,1,0,2,-1,304
10,7,18,26,161,-1,22,61,-1,264,7,11,57,-1,0,0,-1,-1,-1
11,8,4,36,-1,-1,40,-1,-1,99,7,11,514,61,0,0,257,-1,-1
12,9,13,80,59,-1,82,-1,-1,-1,-1,-1,86,146,0,0,-1,-1,-1
13,10,1,54,60,-1,39,-1,-1,264,7,11,623,13,0,0,-1,-1,63
14,11,6,25,0,7,72,-1,-1,258,7,15,466,245,0,0,-1,3,-1
15,12,18,77,41,-1,22,72,-1,213,-1,-1,75,170,1,0,-1,-1,-1
16,13,4,74,-1,0,53,69,-1,99,7,0,567,322,-1,-1,-1,-1,-1
0,14,4,14,258,4,48,3,-1,254,9,8,147,75,-1,-1,-1,-1,0
1,15,4,14,258,4,39,6,-1,277,9,16,11,-1,-1,-1,-1,-1,0
17,16,4,36,54,-1,62,75,5,171,10,9,365,285,0,0,-1,-1,117
18,17,4,75,-1,19,22,-1,-1,294,10,4,294,308,0,0,3,-1,302
19,18,4,73,18,-1,63,-1,-1,294,3,-1,615,-1,0,0,-1,-1,-1
20,19,4,80,208,4,22,-1,-1,200,7,11,597,281,-1,-1,-1,-1,221
21,20,-1,80,52,-1,2,-1,-1,276,-1,0,260,303,1,0,-1,-1,102
22,21,-1,80,52,-1,2,-1,-1,276,-1,2,290,275,1,0,-1,-1,102
23,22,-1,80,52,-1,2,-1,-1,276,-1,2,291,303,1,0,-1,-1,102
24,23,-1,80,52,-1,2,-1,-1,276,-1,2,266,275,1,0,-1,-1,102
25,25,-1,80,52,-1,2,-1,-1,276,-1,7,292,303,1,0,-1,-1,102
26,24,-1,80,52,-1,2,-1,-1,276,-1,6,288,85,1,0,57,64,102
27,26,4,80,-1,-1,21,-1,-1,21,9,6,227,111,1,0,-1,-1,203
28,27,13,80,14,-1,62,-1,-1,190,6,8,13,195,0,0,-1,-1,316
29,28,6,64,-1,9,21,-1,-1,195,11,16,-1,303,-1,-1,181,-1,-1
30,29,4,80,325,-1,22,-1,-1,129,-1,4,85,170,1,0,-1,-1,27
31,30,13,71,303,-1,49,-1,-1,146,9,15,225,195,1,0,-1,57,103
32,31,4,66,4,-1,49,-1,-1,294,11,11,387,220,1,0,-1,0,308
33,32,4,36,54,-1,59,69,-1,171,10,15,382,113,0,0,73,-1,-1
34,33,4,77,-1,-1,21,-1,-1,100,-1,16,623,-1,-1,-1,-1,-1,-1
35,34,4,77,-1,-1,48,-1,-1,167,-1,0,-1,319,-1,-1,-1,-1,-1
36,35,4,77,-1,-1,75,-1,-1,31,-1,10,-1,-1,-1,-1,-1,-1,-1
37,36,13,77,-1,-1,13,-1,-1,298,-1,10,-1,-1,-1,-1,-1,-1,-1
38,37,4,77,-1,-1,80,-1,-1,184,10,9,-1,-1,-1,-1,-1,-1,-1
39,38,4,75,-1,-1,1,-1,-1,294,7,6,86,274,-1,-1,-1,-1,111
40,39,4,41,309,-1,21,61,-1,264,7,16,514,297,0,0,-1,-1,-1
41,40,13,4,293,-1,14,61,-1,184,-1,15,415,142,1,0,267,-1,312
42,41,4,6,333,-1,22,42,-1,264,7,16,492,255,0,0,264,-1,252
43,42,4,6,333,-1,22,42,-1,264,7,16,615,318,0,0,265,-1,252
44,43,4,6,47,-1,22,42,-1,9,7,16,543,40,0,0,224,99,252
45,44,4,6,47,-1,22,42,-1,9,7,16,543,40,0,0,224,100,252
46,45,4,6,47,-1,22,42,-1,272,7,4,545,0,0,0,224,101,252
47,46,4,74,334,-1,31,-1,-1,288,10,14,186,188,0,0,-1,4,10
48,47,4,54,-1,-1,48,-1,-1,-1,-1,-1,59,258,0,0,-1,-1,-1
49,48,4,80,139,19,40,-1,-1,237,10,16,90,181,-1,-1,-1,-1,162
50,49,13,36,-1,-1,62,-1,-1,-1,-1,-1,-1,-1,0,0,-1,-1,-1
51,50,4,14,50,-1,55,-1,-1,308,10,4,349,96,0,0,-1,-1,279
52,51,4,75,-1,-1,21,-1,-1,233,7,6,426,303,0,0,6,-1,167
53,52,4,6,307,-1,40,66,-1,156,7,16,96,174,-1,-1,5,-1,272
54,53,4,54,-1,-1,48,41,-1,264,-1,-1,499,-1,0,0,-1,-1,211
55,54,14,68,-1,-1,39,56,-1,-1,-1,-1,-1,-1,0,0,-1,-1,-1
56,55,4,80,-1,0,50,-1,-1,194,-1,-1,625,-1,0,0,-1,-1,69
57,56,13,36,80,-1,82,-1,-1,-1,2,-1,421,197,0,0,-1,-1,-1
58,57,14,68,36,-1,35,63,-1,-1,-1,16,0,-1,0,0,7,-1,-1
59,58,4,80,156,-1,49,-1,-1,164,10,14,511,104,-1,-1,13,-1,160
60,59,4,80,-1,-1,58,-1,-1,294,9,16,-1,244,0,0,-1,-1,-1
61,60,4,36,134,-1,51,61,-1,294,10,15,171,-1,0,0,125,-1,-1
62,61,4,80,197,-1,22,-1,-1,280,7,11,424,206,0,0,-1,-1,42
63,62,18,36,11,-1,1,61,-1,-1,-1,6,-1,-1,0,0,279,-1,-1
64,63,-1,14,94,-1,56,31,-1,20,7,11,98,1,0,0,-1,-1,222
65,64,4,50,141,-1,74,-1,-1,190,-1,-1,299,-1,1,0,-1,-1,145
66,65,4,50,141,19,39,64,14,269,0,16,623,274,1,0,-1,-1,145
67,66,4,50,141,9,39,64,15,90,8,16,376,244,1,0,-1,-1,145
68,67,4,50,141,13,58,32,15,262,0,16,557,286,1,0,-1,-1,145
69,68,10,50,141,4,28,25,9,203,0,16,118,-1,1,0,-1,-1,145
70,69,14,24,344,6,17,84,-1,5,7,15,268,-1,-1,-1,99,-1,-1
71,70,5,59,-1,-1,39,-1,-1,213,-1,15,564,322,0,0,216,-1,-1
72,71,13,36,264,6,63,61,-1,171,-1,15,41,113,0,0,-1,-1,-1
73,72,4,80,226,4,40,-1,-1,239,-1,-1,274,131,1,0,-1,-1,250
74,73,4,70,123,-1,40,-1,-1,209,-1,8,496,264,-1,-1,-1,-1,267
75,75,14,45,187,-1,33,31,8,194,7,15,578,322,-1,-1,9,6,-1
76,74,14,45,187,-1,61,13,-1,171,9,15,623,-1,-1,-1,109,-1,-1
77,76,13,24,-1,-1,49,-1,-1,300,9,15,455,322,-1,-1,10,-1,-1
78,77,4,80,332,20,49,-1,-1,264,6,15,143,104,-1,-1,-1,-1,208
79,78,4,75,-1,-1,22,-1,-1,264,10,-1,367,322,-1,-1,-1,7,-1
80,79,4,80,325,4,22,-1,-1,171,-1,16,525,278,1,0,242,-1,27
81,80,4,31,136,-1,22,74,-1,206,7,6,459,326,1,0,-1,-1,13
82,82,4,31,291,4,39,-1,-1,203,7,16,600,312,1,0,12,-1,154
83,81,13,80,93,-1,49,-1,-1,107,9,15,621,328,1,0,-1,-1,146
84,84,-1,73,-1,-1,-1,-1,-1,-1,-1,-1,-1,-1,-1,-1,-1,-1,-1
85,85,18,36,196,-1,22,61,-1,278,10,11,474,138,0,0,-1,-1,-1
86,86,4,52,113,-1,55,20,-1,61,10,16,12,116,1,0,-1,-1,14
87,87,13,52,67,-1,40,-1,-1,274,7,15,515,-1,1,0,-1,-1,15
88,88,13,52,67,-1,40,-1,-1,274,7,15,476,-1,1,0,-1,-1,15
89,89,-1,-1,67,-1,-1,-1,-1,-1,7,15,-1,-1,1,0,-1,-1,15
90,90,6,3,-1,-1,48,-1,-1,181,-1,15,464,-1,-1,-1,255,-1,-1
91,91,5,36,273,-1,49,20,-1,145,7,15,618,125,0,0,-1,-1,-1
92,83,4,74,235,0,64,42,-1,99,6,8,623,-1,-1,-1,-1,-1,231
93,92,4,80,330,19,22,-1,-1,63,7,-1,479,233,1,0,-1,-1,77
94,93,4,80,133,0,53,-1,-1,100,7,14,422,119,1,0,-1,-1,273
95,94,4,80,93,-1,68,-1,-1,184,1,4,623,-1,-1,-1,168,-1,218
96,97,4,54,329,-1,21,43,-1,88,7,16,388,297,0,0,-1,-1,-1
98,95,4,54,328,-1,21,42,-1,72,7,11,579,293,0,0,14,-1,-1
97,96,4,54,328,-1,48,66,-1,171,7,15,532,138,0,0,15,68,-1
99,98,13,80,93,-1,82,-1,-1,99,1,15,17,93,1,0,-1,-1,146
100,99,13,80,318,-1,-1,-1,-1,-1,7,-1,-1,-1,-1,-1,-1,-1,288
101,100,9,36,57,-1,39,-1,-1,294,7,-1,489,-1,0,0,-1,-1,-1
102,101,4,70,-1,-1,21,-1,-1,81,7,9,418,244,-1,-1,-1,-1,277
103,102,4,70,-1,-1,21,-1,-1,17,7,9,603,186,0,0,-1,-1,277
104,103,4,35,348,0,53,-1,-1,99,6,11,566,-1,0,0,16,-1,294
105,104,4,75,-1,-1,-1,-1,-1,294,-1,-1,528,31,0,0,-1,-1,-1
106,105,5,36,54,-1,14,54,-1,99,9,15,0,-1,0,0,-1,-1,-1
107,106,4,49,-1,-1,13,-1,-1,-1,-1,-1,-1,-1,1,0,240,-1,-1
108,107,4,14,258,4,22,36,-1,107,3,14,366,-1,1,0,-1,-1,54
109,108,18,68,288,-1,49,-1,-1,193,10,11,436,-1,1,0,214,-1,-1
110,109,4,36,-1,1,62,-1,-1,99,2,4,262,0,0,0,198,-1,-1
111,110,4,80,81,19,58,59,-1,157,9,11,524,-1,0,0,134,-1,144
112,111,4,36,-1,-1,39,-1,-1,294,11,-1,-1,-1,-1,-1,-1,-1,-1
113,112,18,80,342,-1,40,-1,-1,139,11,15,312,138,1,0,-1,-1,148
114,113,4,36,152,-1,63,29,-1,290,10,11,614,297,0,0,18,-1,-1
115,114,4,54,129,-1,1,-1,-1,72,7,11,374,303,0,0,-1,-1,-1
116,115,6,56,-1,-1,14,17,-1,122,9,15,153,138,0,0,123,-1,-1
117,116,4,47,-1,-1,39,-1,-1,264,7,11,33,-1,0,0,-1,-1,-1
118,117,18,66,269,-1,21,-1,-1,220,7,-1,532,-1,0,0,19,-1,280
119,118,4,14,268,-1,48,28,-1,99,10,8,18,108,0,0,137,-1,132
120,119,4,50,339,6,49,-1,-1,194,9,-1,570,322,1,0,-1,10,-1
121,120,13,36,29,-1,63,-1,-1,171,5,15,361,93,-1,-1,21,-1,-1
122,121,4,4,49,7,13,21,-1,117,9,15,428,225,1,0,-1,-1,22
123,123,4,30,-1,4,21,-1,-1,99,-1,-1,624,-1,1,0,-1,-1,1
124,122,4,36,321,-1,62,14,-1,250,7,-1,556,244,0,0,270,-1,-1
125,124,4,80,340,0,41,-1,-1,42,7,16,477,49,0,0,-1,-1,80
126,125,4,80,325,4,22,-1,-1,171,7,11,79,35,1,0,-1,-1,27
127,126,0,54,60,1,32,-1,-1,264,10,11,306,57,0,0,-1,-1,63
128,127,4,70,-1,-1,48,-1,-1,99,7,0,379,322,1,0,-1,-1,278
129,129,4,30,-1,-1,63,-1,-1,171,-1,-1,159,210,-1,-1,-1,-1,113
130,128,4,30,-1,-1,63,-1,-1,171,-1,-1,496,109,-1,-1,17,-1,113
131,130,13,54,328,-1,39,-1,-1,213,10,15,396,179,0,0,-1,11,179
132,131,6,45,-1,7,63,-1,-1,100,-1,15,225,303,-1,-1,-1,-1,-1
133,132,4,54,-1,-1,2,-1,-1,194,7,8,-1,187,-1,-1,-1,-1,-1
134,133,13,36,-1,-1,62,-1,-1,299,10,15,329,0,0,0,-1,-1,237
135,134,4,66,28,4,22,-1,-1,99,3,-1,-1,-1,0,0,-1,-1,24
136,135,18,31,291,-1,63,-1,-1,245,6,15,156,40,1,0,-1,-1,-1
137,136,18,54,-1,0,53,-1,-1,99,-1,-1,623,170,0,0,-1,-1,-1
138,137,18,80,-1,20,40,-1,-1,100,-1,-1,504,260,-1,-1,260,-1,23
139,138,4,41,-1,-1,48,23,17,91,7,11,569,312,0,0,22,-1,34
140,139,13,77,162,-1,21,-1,-1,194,-1,-1,440,-1,1,0,-1,-1,-1
141,140,18,36,127,-1,48,69,-1,249,-1,-1,162,69,1,0,-1,-1,-1
142,141,4,62,-1,6,75,-1,-1,66,9,15,482,257,1,0,-1,-1,266
143,142,4,-1,-1,6,8,-1,-1,264,-1,15,321,138,-1,-1,-1,-1,-1
144,143,4,9,-1,-1,48,61,-1,-1,10,16,3,0,0,0,135,-1,-1
145,144,4,34,295,0,64,-1,-1,171,7,4,225,80,-1,-1,-1,-1,276
146,146,4,30,295,1,62,-1,-1,99,2,8,209,23,-1,-1,-1,12,276
147,145,4,77,-1,1,62,-1,-1,50,-1,15,-1,-1,-1,-1,-1,-1,276
148,147,14,45,74,-1,39,13,-1,247,-1,15,538,286,0,0,-1,-1,-1
149,148,4,41,-1,0,69,60,12,184,6,4,308,35,0,0,23,-1,34
150,149,4,41,8,-1,22,77,-1,216,7,11,390,35,0,0,4,13,-1
151,150,4,80,139,0,41,-1,-1,120,7,4,136,218,0,0,-1,-1,162
152,151,4,52,103,4,22,-1,-1,70,11,16,406,224,1,0,-1,14,18
153,152,4,4,205,1,0,-1,-1,99,1,6,225,303,1,0,-1,-1,41
154,153,18,80,330,-1,46,-1,-1,294,10,11,363,-1,-1,-1,-1,-1,140
155,154,4,36,-1,-1,34,-1,-1,171,-1,11,-1,181,0,0,24,-1,-1
156,155,4,36,273,-1,48,69,-1,171,10,11,-1,48,-1,-1,-1,-1,-1
157,156,4,30,116,-1,69,-1,-1,171,-1,11,225,-1,0,0,-1,-1,93
158,157,4,9,124,-1,39,-1,-1,134,7,16,464,317,-1,-1,-1,-1,-1
159,158,4,80,325,13,14,-1,-1,48,-1,11,145,60,1,0,-1,-1,27
160,159,4,15,-1,-1,48,84,-1,294,-1,-1,514,8,0,0,-1,-1,29
161,160,4,64,-1,9,21,-1,-1,232,7,16,399,303,0,0,26,-1,53
162,161,4,64,-1,9,39,-1,-1,139,7,16,162,71,0,0,-1,-1,28
163,162,4,64,-1,9,21,-1,-1,7,7,6,83,0,0,0,25,-1,29
164,163,4,64,-1,9,39,-1,-1,157,7,16,379,303,0,0,-1,-1,29
165,164,18,30,-1,0,69,-1,-1,294,7,-1,443,138,1,0,-1,-1,284
166,165,4,4,-1,4,62,-1,-1,171,-1,16,225,-1,-1,-1,-1,-1,30
167,166,4,80,208,14,40,-1,-1,100,7,11,588,297,-1,-1,-1,-1,221
168,167,4,54,183,-1,48,-1,-1,171,8,11,148,286,0,0,-1,-1,137
169,168,4,54,180,14,22,-1,-1,220,7,15,379,35,1,0,29,15,194
170,169,4,14,270,1,82,-1,-1,32,2,15,8,268,-1,-1,-1,-1,184
171,170,4,36,-1,1,82,80,-1,99,-1,-1,411,244,0,0,-1,-1,123
172,171,4,80,292,-1,63,-1,-1,51,9,8,181,71,1,0,89,-1,31
173,172,6,80,166,-1,40,-1,-1,99,10,16,-1,-1,-1,-1,-1,-1,60
174,173,4,80,190,3,68,-1,-1,295,2,-1,144,267,-1,-1,-1,-1,7
175,174,4,41,-1,-1,-1,-1,-1,-1,-1,-1,-1,-1,0,0,-1,-1,34
176,175,18,80,191,0,50,-1,-1,112,6,11,73,243,1,0,-1,-1,227
177,176,4,36,38,-1,39,8,-1,294,10,-1,622,0,0,0,-1,-1,-1
178,177,18,77,-1,-1,21,-1,-1,64,7,11,-1,327,-1,-1,-1,-1,-1
179,178,4,31,39,4,22,-1,-1,111,7,16,282,44,-1,-1,-1,-1,169
180,179,13,80,59,1,60,-1,-1,104,2,15,344,97,1,0,-1,-1,96
181,180,4,36,263,-1,39,-1,-1,-1,7,3,464,6,0,0,-1,-1,-1
182,181,13,64,-1,-1,39,52,-1,-1,-1,-1,-1,-1,0,0,-1,-1,35
183,182,13,64,-1,-1,39,-1,-1,-1,-1,-1,615,322,0,0,-1,-1,35
184,183,6,76,-1,-1,55,-1,-1,-1,-1,10,-1,-1,1,0,-1,-1,-1
185,184,14,80,315,-1,14,-1,-1,302,9,8,323,164,-1,-1,-1,-1,285
186,185,4,41,-1,-1,39,38,18,158,7,11,135,-1,0,0,-1,16,34
187,186,6,68,267,-1,49,61,-1,140,7,8,152,195,0,0,-1,103,-1
188,187,4,41,-1,-1,59,-1,-1,294,10,11,578,322,-1,-1,266,-1,-1
189,188,4,80,325,-1,22,-1,-1,171,7,11,605,307,1,0,-1,-1,27
190,189,4,80,59,0,36,-1,-1,38,9,8,169,244,1,0,-1,-1,70
191,190,18,80,199,0,43,-1,-1,264,7,8,398,296,1,0,-1,-1,263
192,191,13,80,338,-1,49,2,-1,171,6,-1,596,169,-1,-1,-1,-1,299
193,192,4,4,254,7,72,-1,-1,99,7,15,428,84,1,0,-1,48,36
194,193,4,70,165,-1,62,61,-1,294,10,16,318,297,1,0,-1,-1,172
195,194,18,80,330,-1,40,-1,-1,213,9,16,116,-1,1,0,-1,-1,140
196,195,4,77,-1,-1,75,-1,-1,35,-1,11,-1,-1,-1,-1,-1,-1,-1
197,196,13,64,-1,-1,22,-1,-1,264,11,-1,-1,-1,-1,-1,-1,-1,110
198,197,4,77,-1,-1,21,-1,-1,16,-1,16,-1,303,-1,-1,140,-1,265
199,198,13,4,205,-1,40,-1,-1,264,1,-1,464,138,1,0,37,-1,41
200,199,13,70,-1,-1,62,-1,-1,99,1,7,326,80,1,0,-1,-1,108
201,200,4,77,-1,0,69,-1,-1,190,-1,9,323,-1,1,0,51,-1,50
202,201,4,81,-1,-1,21,-1,-1,72,-1,4,579,-1,-1,-1,-1,-1,-1
203,202,4,52,43,9,48,-1,-1,99,7,6,609,-1,0,0,-1,-1,171
204,203,9,74,235,-1,22,31,-1,-1,7,16,26,-1,-1,-1,-1,-1,231
205,204,4,14,268,0,50,-1,-1,107,7,11,301,269,0,0,-1,-1,129
209,205,4,36,19,0,49,-1,-1,171,-1,8,117,322,-1,-1,31,-1,-1
210,206,4,36,173,0,69,31,-1,171,7,0,574,93,0,0,-1,-1,-1
206,207,4,36,-1,0,53,-1,-1,99,-1,-1,501,322,-1,-1,30,-1,-1
207,208,4,14,268,0,50,-1,-1,100,7,4,507,122,0,0,103,-1,4
208,209,4,80,342,4,22,-1,-1,200,3,16,190,93,0,0,-1,-1,-1
211,210,4,14,268,0,69,50,-1,183,6,4,269,297,0,0,-1,-1,184
212,211,-1,19,-1,4,21,-1,-1,100,8,16,303,-1,1,0,130,-1,136
213,212,-1,19,-1,14,62,-1,-1,194,0,16,580,-1,1,0,132,-1,136
214,213,13,80,44,1,68,-1,-1,165,6,15,341,-1,0,0,-1,-1,20
215,214,4,54,328,0,69,-1,-1,184,-1,15,295,185,0,0,-1,-1,179
216,215,9,54,246,-1,69,73,-1,300,5,8,318,-1,-1,-1,-1,-1,180
217,216,19,54,183,0,36,-1,-1,100,7,4,38,157,0,0,-1,-1,-1
218,1181,17,77,-1,-1,62,-1,-1,188,6,0,272,265,1,1,-1,-1,152
219,217,-1,14,-1,-1,54,-1,-1,22,7,3,100,54,-1,-1,-1,-1,32
220,218,4,27,-1,0,62,-1,-1,171,10,0,86,317,-1,-1,-1,-1,-1
221,225,6,-1,-1,0,53,-1,-1,99,-1,0,567,321,0,0,36,-1,-1
222,219,4,77,-1,-1,48,-1,-1,99,-1,0,-1,-1,1,0,-1,-1,-1
223,220,4,80,190,1,68,-1,-1,163,2,11,139,-1,1,0,-1,-1,-1
224,221,13,80,330,9,40,-1,-1,274,11,15,279,206,0,0,128,-1,38
225,222,13,80,59,0,53,-1,-1,119,7,-1,625,195,-1,-1,-1,-1,303
226,223,13,52,100,0,49,-1,-1,100,7,8,178,-1,1,0,-1,-1,-1
227,224,4,4,-1,0,53,-1,-1,119,7,0,562,321,-1,-1,-1,-1,-1
228,226,4,30,222,0,25,-1,-1,67,3,0,47,303,1,0,-1,-1,304
229,227,4,80,208,0,53,-1,-1,99,7,15,621,303,1,0,-1,-1,191
230,229,4,70,-1,-1,48,-1,-1,300,7,1,623,267,1,0,-1,-1,278
231,228,13,52,88,-1,14,-1,-1,171,7,15,410,-1,1,0,95,-1,39
232,230,4,80,330,3,63,-1,-1,119,7,8,342,244,1,0,63,-1,40
233,231,8,54,-1,13,55,-1,-1,99,9,15,155,-1,-1,-1,271,-1,178
234,232,4,64,178,9,22,32,-1,213,11,16,374,35,0,0,106,-1,-1
235,233,18,80,297,0,2,-1,-1,106,9,15,541,327,0,0,-1,-1,148
236,234,4,14,268,4,21,-1,-1,274,9,14,3,-1,-1,-1,-1,-1,182
237,235,4,14,268,4,58,35,-1,274,9,5,483,51,-1,-1,-1,-1,182
238,236,4,14,268,4,39,-1,-1,274,9,11,3,-1,-1,-1,-1,-1,182
239,237,4,71,278,-1,63,13,-1,71,7,16,464,206,0,0,-1,-1,-1
240,238,4,41,-1,-1,62,60,11,184,7,4,245,-1,0,0,-1,-1,34
241,239,13,80,330,-1,62,16,-1,149,6,8,205,329,1,0,-1,-1,299
242,240,4,80,325,19,22,-1,-1,216,7,16,532,262,0,0,-1,-1,249
243,241,9,18,183,-1,22,-1,-1,213,7,11,358,126,-1,-1,-1,-1,114
244,242,18,80,200,-1,49,-1,-1,142,10,4,353,320,1,0,-1,-1,142
245,243,13,77,-1,-1,63,-1,-1,194,6,15,483,195,-1,-1,39,-1,150
246,244,4,14,189,4,39,-1,-1,264,9,11,327,71,-1,-1,-1,-1,44
247,245,13,36,-1,-1,63,69,-1,264,2,15,0,138,0,0,-1,-1,-1
248,246,13,80,-1,-1,49,-1,-1,107,-1,15,224,83,1,0,-1,-1,146
249,247,13,36,-1,-1,63,-1,-1,99,7,15,-1,138,0,0,-1,-1,-1
250,248,4,36,22,-1,13,61,-1,171,10,-1,614,320,1,0,-1,-1,-1
251,249,4,77,-1,-1,21,-1,-1,99,11,11,356,-1,-1,-1,-1,-1,-1
252,250,13,36,-1,6,62,-1,-1,184,9,-1,323,138,-1,-1,40,-1,-1
253,251,4,36,-1,1,82,-1,-1,190,2,-1,86,-1,-1,-1,-1,-1,-1
254,252,4,36,105,-1,74,76,-1,116,9,15,132,167,1,0,116,-1,45
255,253,13,36,-1,-1,13,-1,-1,115,4,15,446,128,0,0,-1,-1,-1
256,254,4,36,23,-1,62,-1,-1,-1,-1,-1,356,-1,0,0,-1,-1,-1
257,255,13,52,-1,-1,21,-1,-1,100,7,8,328,45,1,0,41,-1,46
258,256,4,54,246,-1,21,46,-1,264,7,11,558,-1,0,0,42,-1,-1
259,258,4,49,-1,-1,39,20,-1,-1,-1,-1,623,322,0,0,-1,-1,-1
260,259,4,80,59,-1,12,78,21,239,9,15,224,138,1,0,199,-1,204
261,260,18,36,-1,1,62,-1,-1,171,10,9,321,210,1,0,-1,-1,-1
262,261,18,18,183,0,41,-1,-1,300,7,11,588,0,-1,-1,-1,-1,114
263,262,18,36,19,-1,40,-1,0,156,7,8,473,93,0,0,-1,39,118
264,263,18,36,144,-1,63,-1,-1,294,7,-1,623,206,0,0,-1,-1,-1
265,1182,17,77,-1,-1,62,-1,-1,188,2,15,123,108,1,1,-1,-1,152
266,264,18,81,-1,-1,62,-1,-1,300,-1,6,-1,-1,-1,-1,-1,-1,-1
267,265,4,36,-1,0,69,-1,-1,99,-1,15,225,258,0,0,32,-1,-1
268,266,4,52,305,-1,49,-1,-1,99,10,11,-1,-1,1,0,-1,-1,173
269,267,4,80,342,-1,46,-1,-1,288,10,8,480,298,0,0,-1,-1,-1
270,1183,17,77,-1,-1,62,-1,-1,26,6,4,149,65,1,1,-1,-1,181
271,268,4,80,14,-1,82,-1,-1,188,2,8,216,272,0,0,-1,-1,315
272,276,4,36,-1,1,63,-1,-1,50,2,4,464,64,0,0,-1,-1,-1
274,269,4,36,-1,1,82,-1,-1,99,2,-1,313,317,-1,-1,-1,-1,-1
273,270,4,14,270,1,82,-1,-1,32,2,11,8,268,-1,-1,-1,-1,184
275,271,4,14,268,1,82,-1,-1,37,2,4,282,274,-1,-1,-1,-1,184
276,272,4,36,151,1,68,-1,-1,171,2,14,496,75,-1,-1,-1,-1,-1
277,273,4,36,151,1,60,61,-1,264,2,16,563,213,-1,-1,44,-1,-1
278,275,4,14,268,1,82,-1,-1,37,2,4,225,170,-1,-1,-1,-1,184
279,274,4,14,268,1,82,-1,-1,37,2,4,225,274,-1,-1,-1,-1,184
280,277,13,77,294,-1,35,-1,-1,294,1,10,217,244,1,0,-1,-1,-1
281,278,4,36,151,-1,63,82,-1,119,6,15,165,257,0,0,-1,-1,-1
282,279,4,54,328,-1,62,-1,-1,72,7,8,377,41,0,0,-1,-1,179
283,280,4,80,200,9,40,-1,-1,194,9,11,605,317,1,0,-1,-1,147
284,282,4,36,272,-1,49,53,-1,190,10,5,179,32,1,0,-1,-1,121
285,281,18,36,-1,-1,49,-1,-1,134,-1,15,214,223,-1,-1,-1,-1,-1
286,283,18,66,269,7,72,-1,-1,111,7,15,219,-1,0,0,46,-1,280
287,284,18,36,21,-1,62,-1,-1,99,7,15,514,274,-1,-1,-1,-1,-1
288,285,5,36,19,1,82,-1,-1,99,7,15,604,202,0,0,-1,-1,-1
289,286,4,54,328,-1,39,-1,-1,269,7,8,372,263,0,0,-1,-1,179
290,287,4,14,268,1,82,31,-1,28,2,4,160,138,-1,-1,142,-1,184
291,1184,17,77,-1,-1,34,-1,-1,170,6,0,242,94,1,1,-1,-1,181
292,288,14,36,97,6,20,56,-1,112,9,15,503,327,-1,-1,47,-1,-1
293,289,5,80,59,-1,40,-1,-1,99,6,14,262,-1,0,0,-1,-1,6
294,290,6,36,31,-1,63,-1,-1,99,-1,15,493,257,0,0,-1,-1,-1
295,291,13,80,230,14,22,-1,-1,194,7,11,435,322,0,0,-1,-1,236
296,292,4,41,34,-1,49,61,-1,157,10,11,485,305,0,0,-1,-1,33
297,293,5,28,-1,-1,61,26,10,233,7,2,194,-1,-1,-1,284,-1,-1
298,294,4,9,-1,-1,63,-1,-1,294,10,11,562,322,0,0,-1,-1,-1
299,295,4,80,230,0,49,-1,-1,99,-1,4,315,322,1,0,-1,-1,250
300,296,18,48,-1,-1,63,-1,-1,306,9,15,482,-1,-1,-1,241,107,-1
301,257,18,69,276,-1,63,-1,-1,-1,7,15,572,328,0,0,45,-1,-1
302,297,13,36,-1,-1,82,-1,-1,99,-1,15,623,-1,-1,-1,52,-1,-1
303,298,13,80,59,1,68,1,-1,15,2,15,161,303,1,0,-1,-1,246
304,299,13,36,181,-1,62,61,-1,267,0,8,15,0,0,0,-1,-1,297
305,300,13,36,-1,-1,62,-1,-1,99,7,4,464,80,0,0,-1,-1,-1
306,302,8,80,93,3,68,-1,-1,20,2,11,5,303,1,0,-1,-1,146
307,303,0,54,-1,-1,62,-1,-1,184,-1,15,318,51,-1,-1,-1,-1,63
308,304,19,54,183,6,14,-1,-1,58,9,15,469,154,0,0,-1,-1,17
309,305,0,80,296,0,5,-1,-1,-1,7,0,598,120,-1,-1,-1,-1,37
310,306,9,73,71,-1,13,65,-1,99,9,15,465,138,0,0,222,-1,-1
311,307,19,55,15,13,14,-1,-1,192,5,15,156,157,0,0,-1,-1,-1
312,308,4,31,304,-1,49,-1,-1,191,10,4,225,7,1,0,-1,-1,289
313,309,4,31,111,-1,40,-1,-1,264,10,11,449,-1,1,0,-1,-1,161
314,310,4,36,-1,-1,82,-1,-1,294,10,16,70,304,0,0,-1,-1,-1
315,311,5,80,93,12,49,-1,-1,136,11,11,98,-1,1,0,-1,-1,146
316,312,4,7,-1,-1,48,69,-1,179,7,11,145,-1,0,0,272,-1,-1
317,314,4,80,342,-1,43,83,-1,100,7,11,546,138,-1,-1,-1,-1,107
318,313,4,80,342,0,53,-1,-1,99,7,8,345,303,1,0,33,18,107
319,315,4,80,342,0,53,-1,-1,194,7,11,542,303,1,0,-1,-1,107
320,316,4,80,330,-1,40,-1,-1,134,7,11,162,109,0,0,-1,-1,310
321,317,4,34,56,0,64,61,-1,194,7,16,625,-1,1,0,-1,-1,-1
322,318,20,63,-1,-1,14,-1,-1,264,7,11,268,0,-1,-1,-1,-1,-1
323,301,13,36,-1,-1,74,61,-1,-1,-1,-1,-1,-1,-1,-1,-1,-1,-1
324,320,13,36,195,-1,63,-1,-1,171,5,15,609,0,0,0,-1,-1,-1
325,319,13,36,-1,-1,14,-1,-1,294,7,15,375,0,0,0,-1,-1,-1
326,321,4,70,-1,-1,62,-1,-1,171,7,15,98,57,-1,-1,-1,-1,151
327,322,4,80,330,4,22,-1,-1,219,7,16,519,-1,0,0,79,-1,55
328,323,4,73,-1,0,41,-1,-1,134,-1,-1,48,322,-1,-1,53,73,-1
329,324,13,36,261,-1,62,-1,-1,-1,-1,-1,-1,-1,0,0,291,-1,-1
330,325,18,54,-1,-1,49,13,-1,293,-1,8,464,327,0,0,225,-1,-1
331,326,9,54,322,-1,35,75,-1,213,-1,8,527,322,-1,-1,-1,-1,83
332,327,4,54,328,15,48,-1,-1,260,7,8,548,89,0,0,-1,-1,179
333,328,4,54,328,-1,62,-1,-1,72,7,14,71,43,0,0,-1,-1,179
334,329,19,54,60,-1,39,-1,-1,72,-1,8,623,3,0,0,-1,-1,63
335,332,4,54,-1,15,39,-1,-1,252,7,-1,-1,93,-1,-1,-1,-1,-1
337,330,19,54,-1,15,40,-1,-1,294,-1,-1,579,93,-1,-1,-1,-1,-1
336,331,4,54,-1,15,62,-1,-1,264,7,-1,179,93,-1,-1,54,-1,63
338,333,-1,54,328,-1,62,-1,-1,99,5,15,68,13,0,0,-1,-1,179
339,335,7,54,-1,-1,49,-1,-1,94,-1,-1,464,-1,-1,-1,-1,-1,-1
340,334,9,54,323,2,49,-1,-1,264,7,8,617,93,-1,-1,-1,20,-1
341,336,4,80,230,4,49,-1,-1,171,7,11,582,38,1,0,-1,-1,250
342,337,4,79,336,4,21,66,-1,203,7,15,215,138,-1,-1,100,-1,-1
343,338,4,52,-1,4,40,-1,-1,264,-1,3,403,303,-1,-1,179,-1,57
344,339,4,52,86,4,40,-1,-1,184,11,14,80,283,-1,-1,56,21,57
345,340,18,70,341,4,22,-1,-1,225,7,8,78,0,1,0,-1,-1,138
346,341,18,54,280,16,22,-1,-1,266,7,11,439,223,0,0,-1,22,63
347,342,14,36,324,-1,49,-1,-1,99,7,11,618,303,0,0,58,-1,-1
348,343,13,80,-1,1,68,-1,-1,239,6,4,332,267,-1,-1,-1,-1,246
1185,344,4,41,-1,0,82,-1,-1,99,-1,-1,-1,-1,1,0,-1,-1,-1
349,345,4,41,10,0,53,-1,-1,99,11,11,594,0,1,0,60,-1,175
350,346,4,70,1,-1,40,-1,-1,99,3,4,588,322,-1,-1,-1,-1,277
351,351,4,36,-1,3,63,-1,-1,296,-1,11,623,71,-1,-1,62,-1,-1
352,347,4,36,-1,-1,75,-1,-1,181,-1,16,579,19,-1,-1,-1,-1,-1
353,348,4,36,216,3,82,-1,-1,99,2,11,225,-1,-1,-1,64,-1,-1
354,349,4,14,268,3,82,-1,-1,189,2,11,98,0,-1,-1,-1,-1,8
355,350,4,14,268,3,82,31,-1,185,2,8,166,13,-1,-1,-1,-1,184
356,352,13,80,59,3,49,-1,-1,34,2,15,310,132,-1,-1,-1,-1,246
357,353,4,80,255,12,39,-1,-1,78,7,8,173,312,0,0,244,-1,220
358,354,19,54,183,-1,40,-1,-1,252,7,8,616,322,0,0,-1,-1,17
359,355,13,73,207,-1,60,-1,-1,99,2,8,262,248,-1,-1,159,-1,-1
360,356,6,14,229,4,24,-1,-1,224,7,16,386,165,0,0,-1,-1,21
361,357,18,73,-1,-1,62,-1,-1,284,-1,11,-1,-1,-1,-1,-1,-1,-1
362,358,4,12,286,-1,0,-1,-1,-1,-1,16,614,0,-1,-1,212,-1,-1
363,359,4,36,-1,-1,62,-1,-1,-1,-1,-1,-1,-1,0,0,65,-1,-1
364,360,14,54,202,-1,22,-1,-1,243,-1,14,379,318,-1,-1,66,-1,63
365,361,4,36,-1,-1,40,-1,-1,264,7,11,-1,-1,-1,-1,67,-1,-1
366,362,13,18,183,-1,42,-1,-1,89,10,11,462,234,-1,-1,-1,-1,114
367,363,13,14,257,-1,49,-1,-1,64,10,11,21,204,-1,-1,-1,-1,-1
369,364,13,54,320,-1,49,-1,-1,264,7,8,620,133,-1,-1,-1,-1,216
370,365,13,54,320,-1,63,-1,-1,184,7,11,492,317,-1,-1,-1,-1,216
368,366,13,30,82,-1,48,-1,-1,171,10,8,256,229,-1,-1,68,-1,48
371,367,13,14,268,-1,29,25,-1,225,7,11,547,205,1,0,-1,1,184
372,368,13,54,328,-1,68,-1,-1,166,2,15,623,143,0,0,-1,-1,179
373,369,19,54,328,-1,62,-1,-1,287,7,14,430,13,0,0,-1,-1,179
374,370,13,18,183,0,69,-1,-1,184,7,11,320,195,-1,-1,-1,-1,114
375,371,13,80,285,-1,23,-1,-1,264,10,-1,532,279,-1,-1,-1,-1,43
376,373,13,18,183,-1,62,-1,-1,171,7,15,621,195,-1,-1,-1,-1,114
377,372,4,36,154,-1,82,76,-1,171,2,15,164,138,1,0,-1,-1,259
378,374,13,80,244,-1,22,-1,-1,99,6,8,188,274,-1,-1,-1,-1,6
379,375,13,30,291,-1,63,-1,-1,109,2,15,514,-1,1,0,-1,-1,186
380,376,13,14,268,-1,62,-1,-1,99,9,15,270,195,-1,-1,-1,23,184
381,377,13,80,140,-1,63,-1,-1,119,5,11,222,15,0,0,177,-1,58
382,378,13,54,60,-1,22,-1,-1,72,7,14,591,137,0,0,-1,-1,63
383,379,4,80,59,-1,40,-1,-1,239,7,16,517,93,1,0,-1,-1,303
384,380,3,58,-1,-1,63,17,-1,99,2,15,576,-1,1,0,61,-1,286
385,381,6,54,-1,-1,13,-1,-1,153,-1,15,-1,-1,-1,-1,-1,-1,-1
386,382,13,33,316,-1,49,-1,-1,270,10,8,355,297,1,0,-1,-1,-1
387,383,4,54,328,-1,14,-1,-1,99,2,15,621,138,0,0,-1,-1,179
388,384,4,52,101,-1,40,-1,-1,274,11,6,486,-1,-1,-1,-1,-1,106
389,385,4,80,59,8,40,-1,-1,264,7,4,92,138,1,0,-1,-1,31
390,386,4,54,66,-1,22,-1,-1,93,7,11,550,7,0,0,-1,-1,179
391,387,4,14,268,0,69,-1,-1,99,2,8,464,-1,-1,-1,-1,-1,184
392,388,4,80,342,0,50,-1,-1,115,9,8,225,80,-1,-1,-1,-1,60
393,389,4,36,-1,-1,62,-1,-1,294,10,11,598,-1,-1,-1,-1,-1,-1
394,390,4,70,-1,-1,27,-1,-1,99,4,4,195,93,1,0,-1,-1,278
395,391,4,6,307,-1,40,69,-1,99,7,9,235,20,-1,-1,226,-1,272
396,392,4,52,89,9,22,-1,-1,199,11,16,23,-1,1,0,69,-1,62
397,393,19,54,183,-1,52,-1,-1,188,2,15,319,27,0,0,71,-1,-1
398,394,9,54,243,2,49,61,-1,111,11,14,36,215,0,0,-1,24,67
399,395,4,52,-1,0,53,-1,-1,99,7,0,625,327,1,0,-1,-1,158
400,396,-1,80,52,-1,63,-1,-1,176,-1,15,290,85,1,0,87,65,102
401,397,6,54,246,0,39,44,13,208,10,8,592,322,0,0,-1,25,-1
402,398,14,68,68,-1,49,61,-1,4,7,11,611,0,1,0,-1,70,-1
403,399,6,73,69,-1,21,-1,-1,264,7,16,50,303,0,0,-1,71,-1
404,400,18,36,-1,-1,13,-1,-1,156,9,15,197,82,0,0,110,-1,101
405,401,4,14,50,1,54,-1,-1,20,7,4,293,117,0,0,-1,-1,279
406,402,18,37,281,-1,82,-1,-1,305,7,-1,-1,-1,-1,-1,273,-1,-1
407,403,4,36,-1,-1,62,-1,-1,294,-1,-1,610,-1,0,0,-1,-1,-1
408,404,4,12,-1,-1,74,-1,-1,190,-1,15,263,157,0,0,72,-1,-1
409,405,18,80,342,-1,40,-1,-1,264,7,11,624,327,-1,-1,-1,-1,60
410,406,4,6,307,-1,22,69,-1,85,7,11,252,29,-1,-1,118,-1,272
411,407,4,80,230,0,43,-1,-1,119,7,11,159,138,1,0,-1,-1,250
412,408,18,81,-1,-1,39,-1,-1,12,-1,4,-1,-1,-1,-1,-1,-1,-1
413,409,4,81,-1,-1,62,-1,-1,283,-1,15,-1,-1,-1,-1,-1,-1,-1
414,410,13,80,208,0,43,-1,-1,72,2,8,225,253,1,0,-1,-1,191
415,411,4,80,-1,-1,18,-1,-1,25,9,15,278,157,-1,-1,-1,-1,260
416,412,4,77,77,-1,49,-1,-1,99,10,16,379,297,1,0,-1,-1,274
417,414,4,36,76,-1,63,61,-1,299,7,8,489,116,0,0,-1,56,-1
418,413,4,14,268,1,68,27,-1,34,2,8,6,2,-1,-1,-1,-1,119
419,415,13,31,99,-1,14,-1,-1,99,7,15,208,-1,1,0,-1,-1,-1
420,416,13,36,-1,-1,49,-1,-1,99,-1,15,577,195,-1,-1,74,-1,-1
421,417,13,36,253,-1,63,-1,-1,274,7,15,562,195,0,0,-1,-1,-1
422,418,4,75,299,19,21,-1,-1,122,10,11,189,281,-1,-1,-1,-1,176
424,419,4,41,10,-1,82,-1,-1,99,7,4,405,232,1,0,77,-1,175
425,420,4,41,10,-1,82,-1,-1,99,7,4,306,317,1,0,76,-1,175
423,421,4,41,10,-1,82,-1,-1,99,7,4,280,152,1,0,75,-1,175
426,422,4,36,-1,-1,82,-1,-1,161,-1,4,225,-1,-1,-1,-1,-1,-1
427,423,4,80,330,14,39,-1,-1,285,10,8,594,323,0,0,-1,-1,233
428,424,13,36,46,-1,48,-1,-1,264,-1,-1,51,325,0,0,78,-1,-1
429,426,4,36,298,-1,81,69,-1,182,10,11,389,40,0,0,-1,26,-1
430,427,13,36,-1,-1,62,3,-1,190,-1,15,262,143,-1,-1,-1,-1,-1
431,428,4,80,208,4,40,-1,-1,194,7,11,595,286,-1,-1,-1,-1,221
432,432,4,30,-1,4,21,-1,-1,72,-1,11,306,-1,-1,-1,-1,-1,-1
433,429,4,80,230,4,40,-1,-1,171,7,15,438,93,1,0,-1,37,250
434,430,4,52,163,4,40,-1,-1,294,-1,11,377,298,-1,-1,119,-1,-1
435,431,4,52,163,4,40,-1,-1,264,-1,11,377,184,1,0,223,-1,159
436,433,-1,17,-1,4,8,-1,-1,277,7,15,465,138,-1,-1,248,-1,-1
437,434,-1,4,205,0,0,-1,-1,194,-1,-1,517,281,1,0,-1,-1,41
438,435,18,13,72,-1,72,-1,-1,300,6,7,521,-1,-1,-1,-1,-1,-1
439,436,4,80,133,17,22,-1,-1,172,7,11,168,157,-1,-1,-1,-1,223
440,437,4,77,-1,-1,21,-1,-1,203,3,9,326,217,-1,-1,11,-1,13
442,439,13,80,93,-1,49,-1,-1,108,9,15,408,34,1,0,-1,-1,146
441,440,13,80,59,-1,13,-1,-1,114,9,15,196,152,1,0,-1,-1,97
443,442,13,36,145,-1,65,61,-1,171,10,11,383,9,0,0,-1,-1,-1
444,443,11,21,-1,6,73,-1,-1,233,7,11,625,-1,-1,-1,101,28,-1
445,444,13,31,228,-1,14,-1,-1,171,7,15,206,130,1,0,-1,-1,75
446,446,13,80,93,12,49,-1,-1,99,11,4,316,244,1,0,-1,-1,146
447,445,9,54,-1,-1,49,-1,-1,171,-1,-1,614,-1,-1,-1,55,-1,-1
448,447,4,80,59,-1,62,-1,-1,300,2,11,343,184,1,0,-1,-1,88
449,448,4,41,9,0,50,-1,-1,124,6,4,137,244,0,0,-1,-1,-1
450,449,4,80,121,-1,22,-1,-1,264,10,11,553,303,-1,-1,-1,-1,195
451,450,4,80,230,4,40,-1,-1,264,7,11,584,51,1,0,-1,-1,250
452,451,4,59,-1,14,39,-1,-1,264,7,15,557,-1,0,0,-1,27,234
453,452,4,31,83,0,50,-1,-1,100,7,11,212,322,-1,-1,-1,-1,76
454,453,20,22,314,-1,22,-1,-1,235,7,-1,-1,0,-1,-1,275,-1,-1
455,425,4,14,268,1,82,-1,-1,28,2,8,98,297,-1,-1,-1,-1,290
456,441,13,36,-1,-1,-1,-1,-1,-1,-1,15,625,195,-1,-1,115,-1,-1
457,438,5,14,268,-1,13,19,-1,303,9,15,364,14,-1,-1,-1,29,184
458,454,2,54,58,-1,49,-1,-1,99,7,4,233,281,-1,-1,-1,-1,63
459,455,18,54,60,-1,22,-1,-1,279,1,8,416,230,1,0,-1,-1,63
460,456,4,80,255,3,82,-1,-1,184,2,8,10,110,0,0,-1,-1,220
461,457,13,36,-1,-1,63,61,-1,134,7,11,58,286,0,0,-1,-1,-1
462,458,13,80,193,-1,49,-1,-1,125,6,4,323,83,1,0,-1,-1,305
463,459,18,54,322,16,40,-1,-1,18,7,14,588,40,0,0,-1,-1,65
464,460,18,54,322,16,22,-1,-1,53,7,14,379,40,-1,-1,-1,-1,65
465,461,4,80,342,13,72,-1,-1,132,9,15,34,138,1,0,287,-1,90
466,462,4,70,-1,-1,62,-1,-1,34,2,14,509,192,1,0,-1,-1,79
467,463,13,52,88,9,22,-1,-1,269,8,11,337,205,1,0,-1,-1,287
468,464,4,12,223,-1,39,-1,-1,255,7,16,46,138,0,0,213,-1,-1
469,465,4,30,111,4,1,-1,-1,-1,9,11,325,274,-1,-1,-1,-1,115
470,466,4,36,185,3,63,-1,-1,99,2,8,367,35,0,0,59,-1,157
471,467,13,36,142,-1,82,-1,-1,99,5,11,572,157,0,0,-1,-1,-1
472,469,4,80,92,4,39,-1,-1,271,9,16,623,256,0,0,-1,31,-1
473,468,-1,80,-1,12,58,-1,-1,294,9,-1,322,-1,-1,-1,150,-1,-1
474,470,4,80,342,-1,70,-1,-1,179,9,-1,397,322,-1,-1,276,-1,49
476,471,-1,12,275,-1,40,-1,-1,159,7,11,296,239,-1,-1,288,-1,-1
475,472,4,80,93,-1,67,3,-1,184,10,15,4,55,-1,-1,169,-1,218
477,473,4,31,116,0,40,40,-1,20,7,4,126,-1,0,0,-1,-1,78
478,474,4,14,50,1,82,25,-1,28,2,8,98,270,-1,-1,-1,-1,222
479,475,4,14,268,3,68,28,-1,14,2,11,112,259,-1,-1,-1,-1,222
480,478,4,36,-1,-1,40,-1,-1,239,7,11,-1,-1,-1,-1,-1,-1,-1
481,476,4,36,-1,-1,39,-1,-1,12,10,16,496,274,0,0,84,-1,168
482,477,4,36,-1,-1,21,-1,-1,264,7,16,356,274,0,0,85,-1,168
483,479,4,14,270,20,49,28,-1,278,10,6,126,61,-1,-1,-1,-1,126
484,480,4,54,328,-1,21,-1,-1,81,7,11,591,0,0,0,-1,-1,179
485,481,4,54,245,-1,49,-1,-1,172,7,8,434,300,0,0,-1,-1,-1
486,482,4,80,121,-1,40,-1,-1,134,7,15,361,171,-1,-1,-1,-1,195
487,483,13,80,330,-1,40,-1,-1,269,7,8,535,236,1,0,-1,-1,80
488,484,4,52,87,4,22,-1,-1,224,11,11,368,-1,0,0,-1,-1,283
489,485,4,52,-1,9,21,-1,-1,264,-1,-1,623,-1,1,0,-1,-1,81
490,486,4,52,317,3,63,61,-1,171,6,15,61,-1,1,0,-1,32,82
491,487,4,30,95,-1,47,75,-1,99,7,11,356,303,1,0,-1,-1,228
492,488,13,52,102,-1,22,53,-1,-1,7,-1,473,-1,1,0,-1,-1,84
493,489,4,30,96,0,49,-1,-1,41,-1,-1,274,66,1,0,-1,-1,85
494,490,4,31,96,1,68,-1,-1,188,2,16,262,-1,-1,-1,-1,-1,86
495,491,4,30,219,4,49,-1,-1,52,6,8,225,303,1,0,-1,-1,307
496,492,-1,-1,96,5,-1,-1,-1,-1,10,-1,-1,-1,1,0,-1,-1,199
497,493,4,30,-1,5,63,61,-1,99,7,15,604,303,0,0,-1,-1,200
498,494,4,30,219,4,49,-1,-1,99,6,8,225,303,1,0,-1,-1,307
499,495,4,30,-1,-1,35,-1,-1,194,5,11,404,191,1,0,86,-1,199
500,496,4,30,-1,5,22,-1,-1,100,5,-1,505,138,1,0,-1,-1,199
1186,497,18,70,-1,-1,1,-1,-1,194,3,8,182,51,-1,-1,-1,-1,108
501,498,4,34,179,0,64,-1,-1,99,7,4,170,314,1,0,-1,-1,87
502,499,4,-1,-1,-1,68,-1,-1,171,-1,15,579,-1,-1,-1,-1,-1,87
503,500,4,34,98,-1,40,61,-1,224,11,11,16,138,-1,-1,-1,-1,-1
504,501,4,59,-1,-1,22,-1,-1,203,9,15,575,-1,-1,-1,218,-1,-1
505,502,4,34,137,-1,34,-1,-1,171,7,-1,624,-1,0,0,98,-1,-1
506,504,4,78,-1,6,66,-1,-1,100,9,15,623,-1,1,0,-1,-1,-1
507,503,4,4,-1,6,13,-1,-1,215,9,15,493,235,1,0,-1,-1,-1
508,505,4,80,262,4,48,6,-1,102,9,15,521,-1,0,0,-1,-1,301
509,506,4,36,-1,1,63,-1,-1,99,2,-1,162,-1,-1,-1,-1,-1,-1
510,507,6,18,183,-1,82,-1,-1,184,-1,15,320,274,-1,-1,-1,-1,114
511,508,4,14,50,4,22,-1,-1,100,7,11,521,322,0,0,-1,-1,279
512,509,13,80,330,-1,63,-1,-1,23,6,11,465,153,1,0,-1,-1,299
513,510,13,36,182,-1,68,-1,-1,32,2,8,30,101,0,0,127,-1,133
514,511,4,34,222,-1,22,-1,-1,136,7,15,142,-1,1,0,-1,-1,304
515,512,4,80,188,9,40,-1,-1,74,7,-1,188,-1,-1,-1,-1,-1,134
516,513,13,80,93,-1,49,68,-1,107,9,15,581,83,1,0,-1,-1,146
517,514,4,31,111,3,68,-1,-1,20,2,11,225,267,0,0,-1,-1,71
518,515,18,52,48,-1,22,-1,-1,268,8,11,478,-1,1,0,-1,-1,89
519,516,4,54,201,14,22,-1,-1,233,7,6,65,19,0,0,231,-1,135
520,517,4,36,277,-1,68,61,-1,154,10,9,402,-1,0,0,70,-1,-1
522,518,4,80,-1,-1,18,-1,-1,190,9,15,274,162,1,0,278,36,-1
523,519,-1,19,-1,-1,62,-1,-1,190,0,15,247,303,1,0,96,-1,136
524,520,4,27,-1,10,58,61,-1,294,9,11,120,327,-1,-1,117,34,-1
525,521,4,64,-1,-1,48,-1,-1,99,7,4,225,0,-1,-1,104,-1,317
526,522,4,30,-1,-1,-1,-1,-1,281,-1,11,225,-1,-1,-1,-1,-1,-1
529,524,9,80,211,0,50,-1,-1,99,7,4,400,-1,0,0,-1,-1,295
527,525,4,60,-1,-1,62,-1,-1,179,9,15,177,303,1,0,-1,-1,56
528,523,4,60,-1,-1,13,-1,-1,190,9,15,56,13,0,0,88,-1,56
530,526,5,31,110,1,68,-1,-1,173,2,15,258,164,1,0,-1,-1,261
531,527,4,75,160,19,22,71,-1,99,7,4,313,-1,-1,-1,277,-1,302
532,528,5,80,330,-1,63,6,-1,171,6,4,286,282,-1,-1,-1,-1,299
521,530,-1,41,169,-1,48,-1,-1,157,-1,11,302,0,-1,-1,-1,-1,25
533,531,19,54,183,-1,14,-1,-1,36,9,15,111,163,1,0,-1,-1,17
534,532,4,54,-1,11,13,-1,-1,36,9,15,274,287,-1,-1,253,-1,-1
535,533,4,18,183,0,43,-1,-1,107,7,11,305,-1,-1,-1,-1,-1,114
536,534,4,71,115,-1,40,-1,-1,171,10,14,604,302,1,0,-1,-1,193
537,535,4,59,313,-1,34,-1,-1,294,-1,11,580,322,0,0,90,-1,-1
538,536,13,80,156,1,78,-1,-1,134,2,15,313,297,-1,-1,-1,-1,58
539,537,13,52,104,-1,49,-1,-1,308,10,15,379,103,1,0,-1,-1,92
540,538,18,54,106,-1,40,-1,-1,72,7,11,559,317,0,0,189,-1,-1
541,539,13,36,-1,-1,62,-1,-1,203,-1,15,379,322,-1,-1,-1,-1,-1
542,540,13,36,-1,-1,7,-1,-1,194,7,15,379,322,-1,-1,92,-1,-1
543,541,4,70,-1,6,13,-1,-1,100,7,15,610,-1,1,0,-1,-1,151
544,542,4,80,330,4,57,-1,-1,109,3,11,133,17,0,0,-1,-1,95
545,543,18,52,122,0,50,-1,-1,13,7,11,20,308,1,0,-1,33,158
546,544,4,54,-1,-1,40,-1,-1,12,-1,8,583,253,-1,-1,-1,-1,247
547,545,4,30,-1,-1,21,-1,-1,194,-1,11,0,-1,-1,-1,-1,-1,-1
548,529,4,41,169,0,69,76,-1,171,6,8,262,286,-1,-1,-1,-1,25
549,546,9,73,-1,-1,62,-1,-1,171,-1,-1,-1,-1,0,0,-1,-1,-1
550,547,1,54,60,-1,49,-1,-1,96,-1,8,608,139,-1,-1,93,-1,63
551,548,-1,54,60,-1,62,-1,-1,171,-1,15,158,147,0,0,-1,-1,63
552,549,4,80,242,-1,63,-1,-1,190,-1,-1,589,322,-1,-1,-1,-1,-1
553,550,4,36,12,-1,63,53,-1,289,-1,14,600,-1,0,0,175,-1,297
554,551,4,30,110,-1,39,66,-1,99,7,4,86,138,1,0,-1,-1,245
555,552,18,54,232,16,21,-1,-1,99,10,9,-1,0,1,0,-1,-1,156
556,553,13,80,59,-1,-1,-1,-1,-1,-1,-1,-1,-1,-1,-1,-1,-1,96
557,582,4,36,-1,-1,75,-1,-1,184,10,11,-1,131,-1,-1,-1,-1,-1
558,590,4,64,224,9,21,-1,-1,294,11,3,192,68,-1,-1,-1,-1,109
559,591,4,64,-1,-1,22,-1,-1,202,11,9,74,274,-1,-1,-1,-1,109
560,605,4,36,345,-1,62,-1,-1,-1,5,15,-1,206,0,0,-1,-1,-1
561,626,4,36,19,-1,63,-1,-1,294,7,15,623,286,0,0,-1,-1,-1
562,632,-1,14,268,-1,63,7,-1,193,10,4,169,177,-1,-1,102,-1,120
563,635,4,75,-1,-1,21,-1,-1,12,-1,11,-1,312,-1,-1,143,-1,-1
564,636,-1,14,268,-1,62,46,-1,20,1,8,138,267,-1,-1,-1,45,184
565,554,4,14,268,1,82,28,-1,186,2,4,263,152,-1,-1,-1,-1,184
566,555,4,54,328,-1,14,-1,-1,98,7,15,622,234,0,0,-1,-1,179
567,556,4,38,126,-1,39,-1,-1,233,-1,11,190,303,-1,-1,-1,-1,74
568,557,4,80,330,-1,68,-1,-1,46,6,8,124,108,1,0,-1,-1,310
569,558,4,73,-1,0,53,-1,-1,135,-1,11,616,71,0,0,129,-1,-1
570,559,13,14,50,-1,49,-1,-1,233,1,8,578,244,0,0,-1,-1,279
571,560,18,73,-1,-1,75,-1,-1,161,-1,11,225,-1,-1,-1,-1,-1,-1
572,561,4,14,268,1,82,-1,-1,30,2,4,262,245,-1,-1,-1,-1,184
573,563,4,14,268,-1,62,36,-1,30,10,8,98,267,1,0,-1,-1,184
574,562,4,14,268,-1,62,51,-1,30,10,8,108,267,1,0,-1,-1,184
575,564,18,73,120,-1,62,69,-1,190,10,14,67,290,1,0,-1,98,-1
576,565,13,36,253,-1,63,61,-1,171,7,15,613,29,0,0,256,96,125
577,566,6,54,5,1,68,-1,-1,151,6,14,7,107,0,0,-1,-1,68
578,567,4,36,-1,19,58,-1,-1,179,9,11,145,138,-1,-1,136,-1,19
589,568,4,62,-1,-1,62,-1,-1,99,9,15,276,152,-1,-1,280,105,-1
590,569,13,14,257,-1,68,-1,-1,184,2,15,2,87,-1,-1,-1,-1,114
579,570,5,80,-1,4,35,-1,-1,99,-1,8,377,170,1,0,-1,-1,185
580,571,13,80,342,4,49,-1,-1,99,-1,8,494,188,1,0,-1,-1,185
581,572,13,80,342,6,13,-1,-1,99,9,15,493,138,1,0,-1,-1,185
582,575,13,80,342,9,40,-1,-1,99,7,8,464,195,1,0,-1,-1,185
583,573,13,80,342,9,40,-1,-1,99,7,8,579,195,1,0,94,-1,185
584,574,13,80,342,9,40,-1,-1,99,7,11,464,195,1,0,108,-1,185
585,576,13,80,342,12,14,-1,-1,99,7,8,464,138,-1,-1,-1,60,185
586,577,13,80,342,6,48,-1,-1,99,1,15,624,57,1,0,-1,-1,185
587,578,13,80,342,4,49,-1,-1,99,-1,8,494,188,1,0,-1,-1,185
588,579,5,80,342,0,43,-1,-1,134,7,4,317,117,0,0,269,-1,185
591,580,4,80,-1,19,38,-1,-1,160,-1,8,473,244,-1,-1,-1,38,-1
592,581,4,14,50,1,52,-1,-1,126,6,11,625,109,0,0,-1,-1,279
593,583,4,70,-1,-1,1,-1,-1,2,7,11,516,105,1,0,-1,-1,278
594,584,4,36,24,-1,40,-1,-1,144,7,14,590,0,0,0,-1,97,-1
595,585,13,71,234,-1,22,-1,-1,224,7,11,442,195,1,0,-1,-1,-1
596,586,4,47,-1,-1,62,69,-1,156,10,16,536,39,0,0,-1,-1,-1
597,587,4,77,107,4,49,-1,-1,99,-1,11,623,303,1,0,-1,-1,281
598,588,4,77,107,4,63,-1,-1,203,-1,11,583,138,1,0,-1,-1,281
599,589,18,65,59,9,21,-1,-1,242,11,8,87,256,1,0,-1,-1,96
600,592,18,70,-1,-1,50,-1,-1,11,-1,-1,-1,-1,1,0,-1,-1,108
601,593,18,70,-1,-1,21,-1,-1,40,7,10,423,211,1,0,-1,-1,108
602,594,4,30,-1,-1,21,-1,-1,38,7,13,42,59,0,0,-1,-1,219
603,595,4,80,210,-1,40,-1,-1,136,7,14,495,0,-1,-1,-1,-1,163
604,596,4,36,-1,-1,48,-1,-1,213,10,9,-1,322,-1,-1,-1,-1,-1
605,597,4,35,172,19,48,-1,-1,137,9,16,493,-1,0,0,-1,-1,-1
606,598,4,80,59,-1,63,-1,-1,171,2,11,508,292,-1,-1,-1,-1,11
607,599,18,36,174,-1,63,-1,-1,10,7,14,35,244,0,0,-1,-1,-1
608,600,4,54,130,-1,32,-1,-1,0,7,14,379,0,-1,-1,-1,-1,-1
609,601,4,54,328,-1,63,-1,-1,99,7,15,58,325,0,0,-1,-1,179
610,602,13,80,65,-1,63,-1,-1,184,1,15,324,13,-1,-1,-1,-1,188
611,603,13,80,292,4,2,-1,-1,204,3,8,193,309,1,0,-1,-1,188
612,604,13,80,59,-1,8,-1,-1,122,9,4,265,250,-1,-1,-1,-1,188
613,606,4,52,305,-1,40,-1,-1,210,7,16,264,-1,1,0,-1,-1,173
614,607,18,36,266,1,52,25,-1,139,2,15,470,273,0,0,43,17,-1
615,608,4,36,272,-1,49,53,-1,190,10,15,179,32,1,0,-1,-1,121
616,609,13,14,268,-1,62,20,-1,171,1,8,45,195,-1,-1,-1,-1,184
617,610,13,36,182,-1,62,69,-1,120,6,4,432,205,0,0,-1,-1,254
618,611,4,36,239,3,63,-1,-1,305,11,15,378,303,0,0,-1,-1,-1
619,612,4,5,-1,-1,63,-1,-1,56,10,-1,262,297,-1,-1,-1,-1,122
620,613,5,14,268,1,82,27,-1,27,2,4,98,267,-1,-1,-1,-1,184
621,614,4,36,126,-1,82,-1,-1,295,10,8,105,310,-1,-1,-1,-1,124
622,615,14,36,-1,-1,62,69,-1,305,7,-1,-1,-1,0,0,-1,-1,-1
623,616,4,75,-1,-1,21,67,-1,72,-1,-1,623,93,0,0,-1,-1,-1
624,617,18,36,23,-1,63,61,-1,99,7,11,356,206,0,0,-1,-1,-1
625,619,13,36,271,4,63,-1,-1,300,7,8,455,244,-1,-1,-1,-1,74
626,618,4,75,-1,-1,21,-1,-1,274,7,16,102,56,0,0,151,-1,164
627,620,13,14,270,-1,8,-1,-1,264,7,15,623,-1,-1,-1,-1,-1,129
628,621,-1,14,268,-1,62,31,-1,20,10,4,112,-1,-1,-1,-1,-1,184
629,622,-1,14,268,-1,62,13,-1,299,10,8,370,-1,-1,-1,-1,40,184
630,623,4,9,337,-1,49,-1,-1,31,10,11,115,58,-1,-1,-1,-1,130
631,624,18,42,236,1,22,66,-1,62,7,11,356,170,1,0,-1,-1,-1
632,625,14,53,-1,-1,62,61,-1,-1,7,15,464,244,-1,-1,114,41,-1
633,627,4,64,283,9,39,-1,-1,157,7,15,479,-1,1,0,-1,-1,-1
634,628,4,80,200,9,40,-1,-1,99,9,11,225,0,1,0,-1,-1,147
635,629,4,80,59,3,82,-1,-1,188,6,11,379,322,1,0,-1,-1,11
636,630,18,14,257,7,9,-1,-1,209,7,15,213,88,-1,-1,-1,-1,114
637,631,13,4,293,-1,9,61,-1,139,9,15,29,146,1,0,-1,-1,312
638,633,13,73,70,-1,49,-1,-1,305,2,15,447,234,0,0,-1,-1,-1
639,634,4,14,268,3,82,-1,-1,183,2,4,237,-1,-1,-1,-1,-1,184
640,637,4,64,178,9,40,32,-1,264,-1,16,617,0,0,0,139,-1,-1
641,638,6,23,346,-1,22,-1,-1,156,7,6,228,53,1,0,-1,-1,255
642,639,4,80,133,-1,62,-1,-1,127,9,11,311,144,-1,-1,-1,-1,273
643,640,4,57,37,-1,39,69,-1,252,11,16,496,149,-1,-1,-1,-1,-1
644,641,4,11,112,-1,59,58,16,217,10,14,420,320,0,0,-1,42,-1
645,642,13,80,13,-1,60,-1,-1,119,6,15,207,201,0,0,-1,-1,315
646,643,4,30,-1,4,21,-1,-1,99,-1,16,532,93,-1,-1,-1,-1,112
647,644,4,80,218,9,49,-1,-1,171,7,11,179,303,0,0,-1,-1,139
648,645,4,80,330,0,53,-1,-1,99,7,14,253,308,0,0,-1,-1,99
650,646,13,36,-1,-1,62,-1,-1,134,-1,-1,-1,52,-1,-1,-1,-1,-1
649,647,13,36,146,1,63,-1,-1,294,7,15,623,223,0,0,-1,-1,-1
651,648,4,80,14,-1,14,-1,-1,-1,9,2,414,194,1,0,-1,-1,315
652,649,13,80,153,3,82,-1,-1,123,6,15,199,149,0,0,-1,-1,241
653,650,4,31,111,-1,49,-1,-1,299,10,11,614,297,1,0,-1,-1,161
654,651,13,80,14,-1,62,-1,-1,99,-1,15,198,146,0,0,-1,-1,315
655,652,13,80,14,-1,22,-1,-1,264,6,11,53,203,0,0,-1,-1,315
656,653,4,14,50,17,49,-1,-1,278,10,8,458,301,-1,-1,-1,-1,190
657,654,18,30,221,-1,63,66,-1,181,6,15,493,309,1,0,-1,-1,313
658,655,13,80,14,-1,49,-1,-1,43,7,8,86,51,0,0,-1,-1,315
659,656,4,36,-1,-1,63,-1,-1,99,10,-1,379,302,0,0,-1,-1,-1
660,657,4,81,64,4,22,-1,-1,274,7,15,178,221,0,0,-1,-1,192
661,658,4,44,241,-1,22,61,-1,217,7,16,220,241,1,0,-1,44,52
662,659,18,54,322,16,49,-1,-1,73,7,14,311,0,-1,-1,-1,-1,65
663,660,4,54,320,-1,63,-1,-1,72,7,8,400,138,-1,-1,-1,-1,216
664,661,4,70,114,4,21,66,-1,264,-1,-1,514,-1,1,0,-1,-1,193
665,662,13,30,110,-1,48,-1,-1,-1,10,9,623,195,0,0,-1,-1,165
666,663,4,80,59,3,60,-1,-1,264,6,15,162,303,0,0,34,-1,225
667,664,4,80,92,4,39,-1,-1,271,9,9,493,-1,0,0,-1,30,309
668,665,18,77,117,-1,40,-1,-1,268,7,6,77,221,1,0,-1,-1,289
669,666,18,14,257,-1,10,-1,-1,168,6,15,280,311,-1,-1,-1,-1,114
670,667,4,54,247,-1,49,-1,-1,45,7,2,232,210,1,0,141,-1,-1
671,668,4,36,265,-1,48,-1,-1,257,-1,-1,-1,286,0,0,-1,-1,-1
672,669,13,36,260,-1,74,-1,-1,294,7,15,0,195,0,0,-1,-1,-1
673,670,4,18,183,-1,14,-1,-1,99,7,15,297,13,-1,-1,-1,-1,114
674,671,4,31,168,-1,49,-1,-1,157,10,11,407,36,1,0,-1,-1,197
675,672,4,31,168,9,40,-1,-1,157,10,3,514,-1,1,0,-1,-1,197
676,673,4,31,168,9,40,-1,-1,294,10,11,599,312,1,0,-1,-1,197
677,674,4,31,168,9,22,-1,-1,99,7,3,282,-1,1,0,-1,-1,197
678,675,4,64,6,9,39,61,-1,160,-1,11,167,170,0,0,-1,46,-1
679,676,-1,80,52,-1,2,-1,-1,276,-1,2,290,274,1,0,-1,2,102
680,677,5,36,46,0,68,-1,-1,139,2,4,578,223,0,0,81,-1,-1
681,678,13,80,230,-1,49,-1,-1,99,7,8,464,173,-1,-1,-1,-1,47
682,679,4,4,135,4,22,-1,-1,39,3,14,335,206,0,0,144,-1,201
683,680,4,4,135,-1,22,-1,-1,194,7,11,461,-1,1,0,-1,-1,201
684,681,4,4,135,4,40,-1,-1,205,7,6,479,281,-1,-1,145,-1,201
685,682,4,4,135,4,22,-1,-1,109,11,16,49,-1,1,0,153,-1,201
686,683,4,4,135,4,40,-1,-1,134,7,16,313,317,-1,-1,-1,-1,201
687,684,4,4,135,-1,22,-1,-1,24,-1,3,261,-1,1,0,-1,-1,201
688,685,4,4,135,4,40,-1,-1,274,-1,11,257,233,1,0,-1,-1,201
689,686,4,4,135,-1,22,-1,-1,194,7,11,258,-1,-1,-1,-1,-1,201
690,687,4,80,193,20,40,-1,-1,274,7,1,97,99,1,0,-1,-1,91
691,688,4,74,235,0,3,42,-1,-1,6,8,393,-1,-1,-1,-1,-1,231
692,689,4,64,-1,9,-1,-1,-1,264,-1,16,514,-1,-1,-1,-1,-1,202
693,690,4,73,194,-1,40,-1,-1,203,10,11,169,281,0,0,146,-1,-1
694,691,4,30,-1,-1,48,-1,-1,49,10,12,417,47,1,0,-1,-1,300
695,692,4,43,167,-1,40,30,-1,100,7,15,-1,138,1,0,-1,-1,108
696,693,13,73,62,-1,39,-1,-1,20,7,10,0,260,0,0,219,-1,-1
697,694,18,73,326,-1,35,-1,-1,274,7,14,179,164,0,0,147,-1,-1
698,695,18,31,289,-1,40,69,-1,119,-1,8,82,-1,1,0,-1,-1,-1
699,696,4,16,251,-1,49,18,-1,66,10,8,131,116,0,0,-1,-1,104
700,697,18,73,-1,-1,21,-1,-1,94,-1,11,162,-1,-1,-1,220,-1,-1
701,698,4,4,293,-1,42,61,-1,228,5,11,254,207,1,0,-1,-1,312
702,699,4,6,307,-1,40,69,-1,134,7,11,374,139,-1,-1,148,-1,272
703,700,13,4,293,-1,14,61,-1,171,5,15,251,21,1,0,-1,-1,312
704,701,14,45,73,7,61,49,-1,99,9,15,465,91,-1,-1,149,-1,-1
705,702,4,54,32,-1,49,-1,-1,238,7,11,86,131,0,0,50,-1,63
706,703,9,72,-1,-1,22,53,-1,99,7,-1,557,-1,0,0,-1,-1,-1
707,704,4,77,-1,4,28,-1,-1,274,9,-1,225,303,-1,-1,-1,-1,-1
708,705,4,77,-1,-1,28,-1,-1,264,9,5,491,-1,0,0,-1,47,-1
709,706,4,80,284,4,22,-1,-1,100,3,8,225,92,-1,-1,-1,-1,26
710,707,4,9,-1,-1,62,-1,-1,-1,-1,-1,-1,-1,0,0,-1,-1,-1
711,708,4,54,247,-1,48,-1,-1,264,7,4,66,-1,0,0,-1,-1,-1
712,709,4,27,192,9,40,47,-1,136,11,11,625,322,0,0,-1,-1,-1
713,710,4,80,244,1,62,-1,-1,282,2,-1,623,309,-1,-1,0,-1,205
714,711,18,80,342,-1,49,-1,-1,239,-1,15,463,286,1,0,-1,-1,60
715,712,4,36,-1,-1,63,-1,-1,171,10,-1,623,-1,0,0,-1,49,-1
716,713,4,4,205,4,22,-1,-1,-1,-1,3,600,313,1,0,-1,-1,41
717,714,14,36,259,20,14,-1,-1,294,5,15,-1,95,0,0,-1,-1,-1
718,715,4,54,183,-1,13,-1,-1,33,9,15,107,138,-1,-1,152,-1,-1
719,716,18,54,60,-1,22,-1,-1,89,7,11,431,226,0,0,-1,-1,63
720,717,9,36,-1,-1,45,69,-1,62,-1,4,40,274,0,0,-1,-1,-1
721,718,4,34,222,-1,22,66,-1,194,3,11,618,304,0,0,-1,74,304
722,719,4,31,136,-1,49,-1,-1,291,5,4,275,322,1,0,-1,50,72
723,720,4,80,157,0,43,-1,-1,203,9,4,452,302,-1,-1,-1,-1,207
724,721,4,4,293,3,68,46,-1,57,2,11,281,271,1,0,-1,-1,312
725,722,4,80,188,-1,63,-1,-1,171,2,11,512,303,1,0,-1,-1,187
726,723,18,51,-1,-1,39,-1,-1,-1,-1,-1,-1,-1,0,0,157,-1,-1
727,725,5,80,59,1,82,-1,-1,275,2,4,544,195,-1,-1,-1,-1,11
728,724,5,80,59,1,82,-1,-1,178,2,8,110,102,1,0,-1,-1,204
729,726,4,80,177,1,68,-1,-1,147,2,8,151,180,-1,-1,-1,-1,282
730,727,13,80,177,-1,15,-1,-1,256,-1,15,9,138,-1,-1,-1,-1,282
731,728,6,80,342,-1,39,-1,-1,130,11,8,401,286,1,0,-1,-1,60
732,729,4,30,-1,-1,21,-1,-1,-1,-1,-1,-1,-1,1,0,-1,-1,-1
733,730,4,59,-1,4,48,-1,-1,264,7,11,145,-1,-1,-1,217,-1,-1
734,731,13,4,331,-1,14,-1,-1,184,1,15,310,138,-1,-1,-1,-1,209
735,732,18,4,27,0,77,-1,-1,99,7,0,472,143,0,0,-1,-1,209
736,733,13,4,331,-1,14,-1,-1,184,1,15,310,83,1,0,-1,-1,209
737,734,13,4,331,-1,14,-1,-1,184,9,15,440,4,1,0,-1,-1,209
738,735,13,4,331,-1,14,-1,-1,184,9,15,54,83,1,0,-1,-1,209
739,736,13,4,331,-1,14,-1,-1,184,-1,15,408,148,-1,-1,-1,-1,209
740,737,4,77,295,-1,39,-1,-1,191,10,9,-1,0,1,0,-1,-1,276
741,738,4,4,312,4,21,-1,-1,116,7,16,134,322,-1,-1,-1,52,210
742,740,5,80,59,-1,60,-1,-1,134,7,11,181,198,-1,-1,-1,-1,11
743,741,13,80,330,-1,14,-1,-1,171,7,15,22,86,1,0,-1,-1,80
744,742,4,66,143,9,40,-1,-1,194,-1,-1,523,0,0,0,-1,-1,-1
745,743,4,80,342,-1,39,-1,-1,99,10,-1,338,303,-1,-1,-1,-1,107
746,744,4,80,292,12,40,-1,-1,171,7,8,496,317,1,0,180,-1,298
747,745,9,80,59,-1,40,-1,-1,194,7,11,97,79,1,0,-1,-1,303
748,746,13,80,93,0,53,-1,-1,234,7,11,552,195,1,0,-1,-1,16
749,747,13,46,-1,9,21,-1,-1,118,-1,8,194,-1,-1,-1,-1,-1,-1
750,748,14,80,200,1,49,-1,-1,161,2,4,513,44,0,0,-1,-1,20
751,749,18,76,55,-1,22,61,-1,222,-1,11,557,322,1,0,-1,-1,-1
752,750,13,4,220,-1,49,-1,-1,112,1,15,17,-1,0,0,155,-1,212
753,751,-1,-1,220,0,-1,-1,-1,-1,6,0,-1,-1,-1,-1,-1,-1,-1
754,752,4,4,220,0,69,-1,-1,99,6,0,120,303,-1,-1,-1,-1,212
755,753,4,4,220,1,82,27,-1,99,6,11,156,-1,-1,-1,-1,-1,212
756,754,13,4,220,20,39,-1,-1,103,7,16,581,93,1,0,-1,-1,212
757,755,4,4,-1,-1,62,-1,-1,156,-1,-1,623,-1,1,0,-1,-1,212
758,756,4,41,-1,-1,59,-1,-1,264,-1,-1,625,322,0,0,156,-1,-1
759,757,4,52,35,-1,63,62,-1,171,10,11,352,0,0,0,-1,-1,213
760,758,18,30,291,-1,22,-1,-1,209,7,11,-1,244,1,0,-1,-1,313
761,759,4,36,-1,-1,39,-1,-1,264,7,9,64,-1,0,0,290,-1,-1
762,760,4,12,198,-1,49,56,-1,286,9,15,69,-1,0,0,215,69,-1
763,761,13,52,104,0,63,-1,-1,99,7,15,58,116,1,0,-1,-1,196
764,762,4,70,-1,-1,62,-1,-1,27,10,9,380,50,1,0,-1,-1,151
765,763,5,80,59,-1,82,-1,-1,171,6,15,624,286,1,0,-1,-1,11
766,764,4,41,34,1,60,-1,-1,172,7,8,518,274,-1,-1,158,-1,175
767,765,4,30,219,5,49,-1,-1,299,10,8,225,274,1,0,-1,-1,307
768,766,13,36,-1,-1,62,-1,-1,99,7,15,225,126,0,0,-1,-1,-1
769,767,18,73,207,-1,60,4,-1,40,2,15,180,51,-1,-1,160,-1,-1
770,768,4,23,108,-1,40,69,-1,226,7,15,425,0,1,0,-1,-1,255
771,769,14,80,342,-1,49,-1,-1,304,8,8,348,195,1,0,-1,-1,60
772,770,4,27,203,4,40,-1,-1,264,11,11,578,138,0,0,-1,-1,-1
773,771,9,80,342,-1,40,-1,-1,218,8,11,163,206,0,0,-1,-1,311
774,772,4,10,-1,-1,79,-1,-1,54,10,6,481,302,0,0,282,-1,-1
775,773,4,6,-1,-1,39,-1,-1,171,10,11,614,322,-1,-1,-1,-1,-1
776,774,13,4,293,-1,14,17,-1,184,-1,15,350,127,1,0,-1,-1,312
777,775,4,36,-1,-1,49,-1,-1,99,7,-1,-1,121,-1,-1,263,53,-1
778,776,13,80,156,-1,40,-1,-1,10,10,6,331,301,0,0,161,-1,58
779,777,4,14,268,19,2,35,-1,133,9,-1,109,124,-1,-1,-1,-1,4
780,778,4,41,-1,0,69,-1,-1,171,7,-1,225,71,-1,-1,162,-1,175
781,781,4,54,128,-1,34,-1,-1,99,-1,-1,489,33,0,0,163,-1,-1
782,779,4,54,128,-1,35,-1,-1,99,7,-1,391,322,0,0,-1,-1,-1
783,780,4,54,128,-1,35,-1,-1,99,7,-1,588,322,0,0,-1,54,-1
784,782,13,80,-1,-1,49,-1,-1,294,9,15,323,164,-1,-1,164,-1,215
785,783,13,73,25,-1,48,-1,-1,294,-1,-1,258,205,0,0,285,-1,-1
786,784,4,54,328,-1,35,-1,-1,156,7,11,157,157,0,0,-1,-1,179
787,785,4,61,204,12,39,-1,-1,78,-1,11,145,0,-1,-1,111,-1,-1
788,786,4,77,-1,4,22,-1,-1,-1,7,16,-1,303,0,0,-1,-1,-1
789,787,4,41,169,0,69,76,-1,184,-1,8,262,-1,-1,-1,-1,-1,25
790,788,4,80,342,0,50,-1,-1,99,7,11,289,305,1,0,-1,-1,107
791,789,13,80,153,-1,40,-1,-1,241,10,8,183,22,0,0,-1,-1,241
792,790,4,80,213,-1,82,-1,-1,239,1,15,586,309,1,0,-1,-1,73
793,791,16,74,42,-1,13,3,-1,171,-1,-1,604,-1,-1,-1,-1,-1,9
794,792,9,70,311,1,63,-1,-1,171,-1,4,311,247,-1,-1,122,-1,151
795,793,4,36,-1,-1,49,-1,-1,99,-1,8,195,172,0,0,165,-1,-1
796,794,18,80,199,-1,60,-1,-1,99,2,8,226,322,1,0,-1,-1,263
797,795,4,80,188,-1,22,-1,-1,264,7,8,218,206,0,0,-1,-1,187
798,796,4,80,230,4,40,-1,-1,100,7,11,175,324,1,0,-1,-1,250
799,797,19,54,183,-1,49,-1,-1,58,7,15,604,291,0,0,166,-1,244
800,798,4,54,328,-1,63,-1,-1,300,7,15,-1,138,-1,-1,167,-1,-1
801,799,4,80,330,1,49,-1,-1,301,2,15,113,258,-1,-1,-1,-1,162
802,800,4,52,90,4,30,-1,-1,211,7,3,534,150,1,0,-1,-1,217
803,801,13,36,-1,-1,63,-1,-1,184,-1,-1,456,267,0,0,138,-1,-1
804,802,4,80,93,3,63,-1,-1,184,2,8,275,76,-1,-1,-1,-1,218
805,1180,4,80,93,-1,68,3,-1,184,10,15,99,98,-1,-1,258,-1,218
806,803,13,4,205,20,22,-1,-1,264,7,8,-1,325,1,0,-1,-1,41
807,804,4,6,307,-1,40,69,-1,171,7,11,287,24,-1,-1,27,-1,272
808,805,4,6,307,-1,40,69,-1,73,7,16,233,38,-1,-1,28,-1,272
809,806,4,80,131,-1,49,-1,-1,246,10,16,384,77,-1,-1,-1,-1,208
810,807,4,30,-1,-1,39,-1,-1,99,11,5,614,317,1,0,-1,-1,198
811,808,4,30,-1,-1,39,-1,-1,99,11,7,404,190,1,0,-1,-1,198
812,809,4,30,-1,-1,39,-1,-1,99,11,6,598,312,1,0,-1,-1,198
813,812,7,54,-1,-1,55,-1,-1,262,9,15,493,157,-1,-1,283,-1,-1
814,810,10,4,-1,15,55,61,-1,307,9,15,496,157,1,0,-1,9,-1
815,811,19,54,61,15,72,16,-1,181,-1,15,354,138,0,0,49,-1,63
816,813,4,80,-1,15,49,-1,-1,261,9,11,146,244,1,0,121,43,256
817,814,13,80,59,-1,13,-1,-1,114,9,15,196,152,1,0,-1,-1,96
818,816,4,66,269,-1,48,-1,-1,299,7,16,172,-1,1,0,172,-1,280
819,817,4,80,59,-1,62,-1,-1,134,2,11,121,212,1,0,-1,-1,88
820,815,5,80,230,4,39,-1,-1,101,7,11,14,287,1,0,171,-1,250
821,818,9,30,221,-1,22,-1,-1,100,7,8,464,322,1,0,-1,-1,313
822,819,4,80,-1,-1,74,-1,-1,294,-1,11,464,302,-1,-1,-1,5,-1
823,820,4,54,320,0,35,-1,-1,279,-1,8,381,223,-1,-1,-1,-1,216
824,821,4,80,274,-1,58,-1,-1,171,7,11,493,244,-1,-1,173,-1,-1
825,822,4,36,-1,-1,62,-1,-1,294,10,-1,582,-1,-1,-1,174,55,-1
826,823,4,80,208,0,43,-1,-1,194,7,11,565,322,-1,-1,-1,-1,221
827,824,5,54,206,-1,18,-1,-1,300,9,15,614,244,-1,-1,-1,-1,180
828,825,4,36,-1,-1,49,61,-1,143,10,8,467,0,0,0,-1,106,183
829,826,4,27,45,-1,64,70,-1,230,9,11,464,-1,0,0,97,-1,297
830,827,14,45,-1,6,83,-1,-1,116,-1,15,464,-1,-1,-1,268,-1,-1
831,739,4,14,268,0,69,50,-1,193,1,14,464,-1,-1,-1,-1,-1,184
832,991,18,36,33,-1,40,61,-1,131,7,8,339,151,-1,-1,-1,61,-1
833,992,13,36,40,-1,63,-1,-1,305,5,15,623,195,0,0,-1,-1,-1
834,828,4,14,268,-1,21,31,-1,213,10,9,125,184,-1,-1,-1,-1,184
835,829,4,80,121,1,52,-1,-1,35,2,15,101,216,-1,-1,-1,-1,195
836,830,4,4,-1,13,48,-1,-1,251,9,15,300,266,1,0,-1,-1,232
837,831,1,4,212,13,-1,24,-1,-1,9,15,-1,-1,1,0,48,-1,232
838,832,0,4,-1,-1,20,-1,-1,184,-1,15,225,266,-1,-1,-1,-1,232
839,833,4,4,-1,13,14,22,-1,184,-1,15,157,159,-1,-1,-1,-1,232
840,835,4,4,-1,2,48,-1,-1,48,9,4,465,67,-1,-1,-1,-1,232
841,834,4,4,-1,2,48,-1,-1,48,-1,8,441,223,-1,-1,-1,-1,232
842,836,4,4,-1,13,48,-1,-1,251,9,15,300,266,1,0,80,-1,232
843,837,4,4,-1,-1,83,-1,-1,264,-1,15,297,327,-1,-1,-1,-1,232
844,838,4,4,-1,16,40,12,-1,64,9,11,495,244,1,0,191,35,232
845,839,4,4,-1,-1,13,-1,-1,264,-1,15,225,168,-1,-1,182,-1,232
846,840,18,54,60,-1,39,-1,-1,92,7,11,221,206,0,0,-1,-1,63
847,841,13,14,268,-1,82,25,-1,273,2,15,43,199,-1,-1,-1,-1,184
848,842,4,36,54,-1,62,-1,-1,99,10,-1,-1,-1,0,0,-1,-1,-1
849,843,4,54,138,11,40,-1,-1,294,-1,6,615,-1,-1,-1,20,-1,64
850,844,10,8,-1,6,8,15,4,213,9,15,496,157,1,0,82,-1,-1
851,845,4,59,-1,6,9,-1,-1,100,-1,15,-1,152,-1,-1,221,-1,-1
852,846,4,80,330,-1,63,-1,-1,27,10,11,106,267,-1,-1,-1,-1,310
853,847,4,54,180,-1,76,69,-1,155,7,8,63,303,0,0,-1,-1,-1
854,848,4,20,2,-1,49,-1,-1,288,7,4,284,-1,1,0,-1,-1,12
855,849,13,81,-1,-1,13,-1,-1,99,9,15,450,-1,-1,-1,184,-1,5
856,850,4,6,307,-1,40,69,-1,99,7,11,600,313,-1,-1,185,-1,272
857,851,4,54,-1,14,22,-1,-1,244,7,14,558,280,0,0,186,-1,-1
858,852,4,64,148,9,22,-1,-1,137,8,11,114,-1,-1,-1,187,-1,292
859,853,4,36,175,-1,40,-1,-1,99,7,14,623,138,0,0,-1,-1,-1
860,855,4,9,237,-1,60,28,-1,99,7,5,464,327,0,0,-1,-1,-1
861,857,13,80,59,-1,62,-1,-1,294,-1,15,255,143,-1,-1,-1,-1,11
862,858,14,36,-1,-1,62,69,-1,-1,-1,-1,-1,-1,0,0,211,-1,-1
863,859,4,36,158,-1,63,-1,-1,294,7,15,610,138,0,0,-1,-1,-1
864,860,4,36,-1,-1,19,76,-1,171,2,8,419,158,1,0,112,59,121
865,861,4,36,-1,-1,48,69,-1,294,10,11,174,-1,0,0,286,-1,297
866,862,13,36,84,-1,63,-1,-1,171,7,8,464,138,0,0,-1,-1,-1
867,863,4,80,330,19,40,-1,-1,20,7,11,259,227,1,0,-1,-1,80
868,854,18,23,159,-1,22,-1,-1,220,7,16,561,286,-1,-1,183,58,-1
869,864,4,14,268,-1,21,20,-1,213,10,11,191,322,-1,-1,-1,-1,189
870,898,18,54,-1,16,21,-1,-1,99,-1,11,-1,-1,0,0,-1,-1,-1
893,865,18,54,119,16,40,-1,-1,81,7,14,539,322,-1,-1,-1,-1,251
894,866,18,54,322,16,49,-1,-1,81,7,4,592,290,-1,-1,-1,-1,65
895,867,18,54,-1,16,22,-1,-1,264,-1,4,591,214,-1,-1,259,-1,-1
896,868,18,54,118,16,49,-1,-1,294,5,15,440,25,-1,-1,188,-1,-1
897,869,18,54,322,16,40,-1,-1,19,7,16,231,35,-1,-1,-1,-1,66
871,870,18,54,119,16,49,-1,-1,47,7,15,174,295,-1,-1,-1,-1,251
872,871,18,54,119,16,40,-1,-1,194,7,15,622,294,-1,-1,-1,-1,251
873,872,18,54,119,16,49,-1,-1,172,7,15,310,7,-1,-1,-1,-1,-1
874,873,18,54,322,16,40,-1,-1,73,7,15,72,115,1,0,-1,-1,65
898,874,18,54,119,16,49,-1,-1,294,7,15,55,286,-1,-1,-1,-1,251
875,875,18,54,119,16,49,-1,-1,294,1,15,607,157,-1,-1,-1,-1,251
899,876,18,54,119,16,49,-1,-1,171,7,15,500,266,-1,-1,-1,-1,251
900,877,18,54,119,16,22,-1,-1,221,10,15,334,302,0,0,-1,-1,251
901,878,18,54,119,16,21,-1,-1,87,10,15,334,299,0,0,-1,-1,251
902,879,18,54,119,16,49,-1,-1,295,5,14,440,25,-1,-1,-1,-1,251
876,880,18,54,119,16,49,-1,-1,96,7,15,502,12,-1,-1,-1,-1,251
877,881,18,54,119,16,40,-1,-1,72,7,8,606,11,-1,-1,-1,-1,251
878,882,18,54,119,16,40,-1,-1,221,5,15,340,161,-1,-1,-1,-1,251
879,883,18,54,119,16,22,-1,-1,219,7,8,275,7,-1,-1,-1,-1,251
880,884,18,54,119,16,40,-1,-1,60,7,10,371,189,-1,-1,-1,-1,-1
881,885,18,54,119,16,40,-1,-1,294,7,15,608,158,-1,-1,-1,-1,251
903,886,18,54,119,16,22,53,-1,239,5,15,141,106,0,0,190,102,-1
882,887,18,54,119,16,40,-1,-1,221,7,15,497,274,-1,-1,-1,-1,251
904,888,18,54,248,-1,63,-1,-1,300,7,11,-1,-1,-1,-1,-1,-1,180
883,889,18,54,119,16,49,-1,-1,113,7,11,225,308,-1,-1,-1,-1,251
884,890,18,54,322,-1,63,-1,-1,171,-1,8,555,245,-1,-1,-1,-1,65
885,891,18,54,119,16,49,-1,-1,97,5,14,433,40,-1,-1,192,-1,251
886,892,18,54,119,16,22,-1,-1,219,7,14,351,10,-1,-1,-1,-1,251
887,893,18,54,279,-1,35,-1,-1,145,7,8,617,317,-1,-1,196,-1,-1
888,894,18,54,119,16,40,-1,-1,227,7,8,373,178,-1,-1,-1,-1,251
889,895,18,54,119,16,48,-1,-1,294,7,15,606,322,-1,-1,-1,-1,251
890,896,18,54,119,16,40,-1,-1,81,7,8,606,294,-1,-1,-1,-1,251
891,897,18,54,176,16,21,-1,-1,221,7,11,562,322,0,0,194,-1,-1
892,1179,18,54,322,16,39,-1,-1,171,-1,11,464,274,0,0,195,-1,-1
905,899,4,80,240,1,63,69,-1,99,9,11,176,303,0,0,-1,-1,105
906,900,13,36,170,20,82,-1,-1,99,7,15,24,195,0,0,-1,-1,-1
907,901,13,36,171,-1,62,61,-1,-1,-1,-1,58,-1,0,0,-1,-1,-1
908,902,4,77,241,4,49,-1,-1,203,-1,16,619,303,0,0,105,-1,235
909,903,4,77,241,4,49,-1,-1,233,-1,11,609,322,1,0,154,-1,235
910,904,6,73,18,-1,40,-1,-1,128,7,11,1,40,0,0,-1,19,-1
911,905,4,44,-1,9,21,61,-1,-1,-1,-1,128,-1,1,0,-1,-1,-1
912,906,4,42,335,1,69,53,-1,99,7,11,604,303,0,0,-1,-1,-1
914,907,18,54,-1,-1,40,-1,-1,145,7,14,572,317,-1,-1,193,-1,-1
913,908,4,80,93,3,63,-1,-1,305,-1,8,313,74,-1,-1,170,-1,218
915,909,4,80,204,12,48,-1,-1,171,7,4,441,25,-1,-1,-1,-1,-1
916,910,4,6,307,-1,40,69,-1,99,7,16,313,219,-1,-1,200,-1,272
917,911,4,80,325,9,40,-1,-1,82,7,16,475,-1,-1,-1,-1,-1,249
918,913,4,77,-1,-1,48,-1,-1,99,-1,6,297,-1,-1,-1,-1,-1,-1
919,914,4,79,-1,-1,48,-1,-1,172,-1,15,195,-1,-1,-1,-1,-1,-1
920,915,4,54,328,-1,62,-1,-1,72,1,11,591,37,0,0,-1,-1,179
921,916,13,77,147,-1,14,-1,-1,-1,-1,15,444,16,1,0,-1,-1,224
922,917,4,41,-1,-1,72,75,3,99,0,15,465,83,1,0,-1,-1,34
923,918,13,36,-1,-1,62,-1,-1,300,-1,6,-1,-1,-1,-1,-1,-1,-1
924,919,4,36,174,-1,39,69,-1,-1,7,-1,-1,0,0,0,-1,-1,-1
925,920,4,36,217,-1,13,53,-1,171,9,15,493,138,-1,-1,-1,104,100
926,921,4,80,342,-1,39,-1,-1,72,7,11,479,139,-1,-1,-1,-1,107
927,922,14,80,315,7,16,-1,-1,300,9,15,498,138,-1,-1,-1,-1,285
928,923,4,80,59,-1,82,-1,-1,184,7,11,39,286,-1,-1,-1,-1,11
929,928,4,54,328,-1,22,-1,-1,231,7,-1,-1,-1,-1,-1,-1,-1,-1
930,924,4,54,328,14,40,-1,-1,171,7,8,468,246,-1,-1,-1,-1,-1
931,925,4,-1,328,14,22,-1,-1,239,7,11,394,262,-1,-1,-1,-1,-1
932,927,4,54,328,14,22,-1,-1,240,7,6,530,-1,-1,-1,201,-1,-1
933,926,4,54,328,14,22,-1,-1,207,7,16,357,-1,-1,-1,202,-1,-1
934,929,4,64,149,9,21,61,-1,224,11,6,190,-1,-1,-1,-1,62,306
935,930,13,36,-1,-1,63,-1,-1,274,7,15,612,203,-1,-1,203,-1,-1
936,931,4,80,59,-1,63,-1,-1,305,2,11,508,327,-1,-1,-1,-1,11
937,932,4,73,-1,0,53,-1,-1,99,-1,0,615,-1,-1,-1,204,-1,-1
938,933,4,14,268,0,53,27,-1,171,10,4,506,303,0,0,-1,-1,131
939,934,4,80,59,-1,63,-1,-1,300,2,11,585,134,1,0,205,-1,88
940,935,18,36,79,-1,63,-1,-1,110,6,8,52,44,-1,-1,-1,63,-1
941,936,4,80,14,-1,63,-1,-1,100,9,2,614,-1,0,0,-1,-1,315
942,937,4,80,249,4,39,-1,-1,156,7,16,487,-1,0,0,-1,-1,238
943,938,4,75,250,-1,21,-1,-1,-1,-1,-1,-1,35,0,0,-1,-1,-1
944,939,13,80,156,1,68,-1,-1,121,2,15,158,237,0,0,-1,-1,58
945,940,4,80,230,4,40,-1,-1,100,7,11,600,-1,1,0,-1,-1,250
946,941,4,30,-1,-1,21,-1,-1,76,3,11,25,62,0,0,-1,-1,291
947,942,4,36,75,3,63,-1,-1,294,7,11,76,206,0,0,38,-1,174
948,943,4,14,268,20,68,27,-1,172,2,8,60,267,-1,-1,-1,-1,127
949,944,13,36,-1,-1,62,-1,-1,172,7,15,230,129,0,0,-1,66,59
950,945,13,80,230,19,21,-1,-1,288,7,16,150,172,1,0,-1,-1,236
951,946,4,80,342,-1,40,-1,-1,232,10,6,238,-1,0,0,261,-1,293
952,947,4,80,330,4,22,-1,-1,265,11,16,127,306,-1,-1,-1,-1,239
953,948,9,67,-1,-1,40,53,-1,156,7,11,598,312,0,0,-1,-1,-1
954,949,4,80,59,0,63,-1,-1,100,7,11,88,121,-1,-1,-1,-1,240
955,950,4,80,59,0,50,-1,-1,20,7,15,277,160,1,0,178,-1,240
956,951,4,80,59,-1,40,-1,-1,20,11,8,98,51,1,0,-1,-1,240
957,952,5,36,-1,-1,63,-1,-1,294,7,15,426,223,-1,-1,-1,-1,-1
958,953,4,4,150,-1,59,-1,-1,-1,10,-1,591,-1,0,0,-1,-1,153
959,954,4,4,293,-1,42,61,-1,228,10,4,442,223,1,0,-1,-1,312
960,955,4,77,-1,-1,29,-1,-1,100,-1,16,-1,-1,-1,-1,-1,-1,-1
961,956,4,36,-1,-1,62,-1,-1,99,10,11,237,-1,-1,-1,206,-1,-1
962,957,4,66,-1,-1,48,53,-1,171,10,9,612,312,-1,-1,124,-1,170
963,958,4,36,51,-1,48,81,-1,171,10,11,32,-1,0,0,-1,67,-1
964,959,4,9,256,-1,-1,-1,-1,-1,10,-1,-1,-1,0,0,-1,-1,-1
965,960,13,36,40,-1,62,-1,-1,100,7,8,58,195,0,0,-1,-1,-1
966,961,13,36,53,-1,63,61,-1,294,7,11,623,138,0,0,-1,-1,-1
967,962,4,80,157,4,22,-1,-1,110,7,16,524,208,1,0,-1,-1,214
968,963,-1,80,157,19,40,-1,-1,156,7,16,244,209,1,0,-1,-1,214
969,964,18,80,200,20,40,-1,-1,274,7,4,162,-1,0,0,-1,-1,142
970,965,4,74,-1,4,48,62,-1,99,-1,16,573,35,0,0,208,-1,-1
971,966,4,36,-1,1,68,-1,-1,29,2,11,119,303,-1,-1,207,-1,-1
972,967,4,80,213,3,60,-1,-1,141,2,4,226,303,-1,-1,-1,-1,242
973,968,4,39,213,7,4,0,6,194,7,15,437,138,-1,-1,107,-1,242
974,970,4,36,213,1,82,-1,-1,162,2,15,267,322,-1,-1,-1,-1,242
975,971,4,36,-1,19,40,-1,-1,295,7,14,532,-1,-1,-1,-1,-1,242
976,976,4,64,-1,14,21,-1,-1,198,7,16,391,-1,-1,-1,-1,-1,296
977,972,4,64,-1,14,21,34,22,197,7,11,391,303,-1,-1,-1,-1,296
978,973,-1,64,-1,14,21,39,23,201,7,16,530,-1,-1,-1,-1,-1,296
979,974,4,64,-1,14,21,11,1,197,7,16,580,-1,-1,-1,-1,-1,296
980,975,4,64,-1,14,21,37,20,198,7,16,588,-1,-1,-1,-1,-1,296
981,977,18,80,59,-1,14,-1,-1,152,7,15,560,152,1,0,-1,-1,303
982,978,4,9,-1,-1,14,-1,-1,99,7,15,86,164,0,0,-1,-1,-1
983,979,4,80,188,1,63,-1,-1,185,2,11,95,303,1,0,-1,-1,187
984,980,4,-1,-1,4,45,-1,-1,171,-1,-1,588,-1,-1,-1,-1,-1,-1
985,856,4,-1,-1,-1,74,-1,-1,180,8,-1,-1,-1,0,0,274,-1,297
986,981,4,80,342,9,45,-1,-1,99,7,14,271,312,-1,-1,-1,-1,107
987,982,4,80,325,4,22,-1,-1,134,-1,11,94,184,1,0,-1,-1,27
988,983,4,80,300,4,74,-1,-1,44,8,15,86,312,0,0,-1,-1,-1
989,984,13,80,218,-1,49,-1,-1,81,10,11,225,329,0,0,-1,-1,139
990,985,19,2,-1,15,40,61,7,181,-1,11,488,138,0,0,247,-1,-1
991,989,4,54,252,15,40,-1,-1,264,-1,11,625,286,-1,-1,-1,-1,-1
994,986,4,54,209,15,40,57,2,267,-1,11,179,286,0,0,209,-1,-1
992,987,4,54,328,15,40,-1,-1,263,7,15,549,317,0,0,-1,-1,179
993,988,4,54,327,15,40,-1,-1,264,-1,11,379,303,0,0,-1,-1,-1
995,969,13,36,253,-1,9,-1,-1,245,7,15,429,143,-1,-1,210,-1,242
996,990,13,80,59,-1,13,-1,-1,179,9,15,239,0,1,0,-1,-1,96
997,993,12,72,343,-1,0,-1,-1,194,-1,15,-1,-1,-1,-1,281,-1,-1
998,994,13,80,59,-1,13,-1,-1,114,9,15,333,0,1,0,-1,-1,96
999,995,5,18,183,0,41,-1,-1,100,6,11,401,303,-1,-1,-1,-1,114
1000,996,4,4,312,4,30,-1,-1,112,7,11,27,207,0,0,-1,-1,243
1001,997,13,36,182,-1,63,-1,-1,194,7,8,-1,297,0,0,-1,-1,-1
1002,912,18,36,-1,-1,63,-1,-1,171,-1,11,401,195,-1,-1,197,-1,-1
1003,998,4,74,-1,-1,48,62,-1,99,-1,16,573,35,0,0,262,-1,226
1004,999,13,14,229,-1,52,-1,-1,148,2,15,471,136,0,0,-1,-1,94
1005,1000,4,75,-1,14,28,-1,-1,8,7,11,356,322,0,0,-1,-1,-1
1006,1001,4,27,-1,1,71,-1,-1,99,2,15,262,244,0,0,228,-1,-1
1007,1002,4,34,116,-1,40,61,-1,264,-1,7,427,223,1,0,-1,-1,-1
1008,1003,4,36,19,0,69,76,-1,179,-1,0,360,322,0,0,-1,75,259
1009,1004,4,36,16,-1,48,-1,-1,171,10,-1,493,64,-1,-1,-1,85,-1
1010,1005,4,36,-1,1,82,-1,-1,119,2,8,180,303,-1,-1,-1,86,-1
1011,1006,4,36,-1,-1,63,-1,-1,99,-1,15,225,274,-1,-1,229,82,-1
1012,1007,4,14,268,1,82,-1,-1,175,2,4,262,244,-1,-1,-1,77,184
1013,1008,4,36,-1,-1,63,-1,-1,171,-1,15,495,-1,0,0,-1,83,-1
1014,1009,4,36,19,20,49,-1,-1,171,10,8,551,206,0,0,-1,91,-1
1015,1010,4,36,-1,18,49,-1,-1,134,10,-1,179,257,-1,-1,-1,78,120
1016,1011,18,80,59,-1,49,-1,-1,264,7,11,203,208,1,0,-1,92,303
1017,1012,13,36,181,-1,49,-1,-1,150,-1,15,-1,-1,0,0,-1,76,-1
1018,1013,4,80,342,0,50,-1,-1,100,-1,8,226,117,-1,-1,230,-1,98
1019,1014,4,80,342,0,50,-1,-1,100,-1,8,229,117,-1,-1,-1,-1,98
1020,1015,4,80,342,0,50,-1,-1,99,-1,8,309,118,-1,-1,-1,-1,98
1021,1016,4,36,20,-1,39,-1,-1,-1,-1,13,374,-1,0,0,-1,-1,-1
1022,1017,4,80,342,-1,22,-1,-1,95,7,11,248,30,1,0,-1,-1,258
1023,1018,13,4,293,-1,9,61,-1,99,9,15,28,196,1,0,-1,-1,312
1024,1019,4,27,-1,-1,39,33,-1,308,11,16,527,-1,0,0,-1,-1,-1
1025,1020,18,80,59,-1,22,-1,-1,137,7,14,84,90,1,0,-1,-1,31
1026,1021,4,80,214,-1,55,-1,-1,294,10,15,31,93,0,0,-1,-1,225
1027,1022,4,73,132,-1,48,-1,-1,20,7,4,86,316,0,0,-1,-1,-1
1028,1023,13,36,-1,-1,21,53,-1,-1,7,-1,529,-1,0,0,-1,-1,-1
1029,1024,13,80,218,-1,82,-1,-1,292,6,8,210,103,1,0,-1,-1,139
1030,1025,13,73,-1,-1,75,-1,-1,172,-1,15,-1,-1,-1,-1,-1,-1,-1
1031,1026,4,68,26,-1,39,-1,-1,59,7,6,617,-1,0,0,227,-1,-1
1032,1027,4,75,63,-1,21,-1,-1,247,7,7,-1,223,-1,-1,233,108,-1
1033,1028,4,54,320,-1,40,-1,-1,99,7,8,262,223,-1,-1,-1,-1,216
1034,1029,4,2,-1,-1,21,-1,-1,214,7,11,393,-1,0,0,-1,8,-1
1035,1030,13,73,30,-1,49,-1,-1,12,3,15,223,256,-1,-1,232,-1,116
1036,1031,4,80,342,-1,22,-1,-1,88,7,-1,265,297,1,0,-1,-1,258
1037,1032,4,80,342,-1,49,-1,-1,99,7,11,285,26,1,0,-1,-1,258
1038,1033,4,80,342,14,22,-1,-1,212,7,16,460,-1,1,0,-1,-1,258
1039,1034,4,80,342,-1,22,-1,-1,6,7,14,520,317,1,0,-1,-1,258
1040,1035,4,80,342,14,40,-1,-1,239,9,11,236,140,1,0,-1,-1,258
1041,1036,4,80,342,-1,21,-1,-1,99,-1,11,129,164,1,0,-1,-1,258
1042,1037,4,80,225,-1,21,-1,-1,99,-1,-1,154,277,1,0,-1,-1,258
1043,1038,13,80,342,-1,35,-1,-1,99,-1,-1,484,252,-1,-1,-1,-1,258
1044,1039,4,80,342,-1,22,-1,-1,209,7,11,402,123,1,0,-1,-1,258
1045,1040,4,80,342,14,22,-1,-1,220,7,6,187,70,1,0,-1,-1,258
1046,1041,9,80,342,-1,40,-1,-1,99,7,11,532,114,-1,-1,-1,-1,258
1047,1042,4,80,342,-1,21,-1,-1,264,-1,-1,369,100,-1,-1,-1,-1,258
1048,1043,4,80,342,-1,22,-1,-1,-1,-1,11,439,231,-1,-1,-1,-1,258
1049,1044,4,80,342,-1,21,-1,-1,99,7,11,368,182,-1,-1,-1,-1,258
1050,1045,4,80,342,-1,39,-1,-1,99,7,11,283,276,-1,-1,-1,-1,258
1051,1046,4,80,342,-1,22,-1,-1,99,7,11,321,309,-1,-1,-1,-1,258
1052,1047,4,80,342,-1,49,-1,-1,99,7,4,413,106,1,0,-1,-1,258
1053,1048,4,80,342,0,37,-1,-1,184,7,8,490,307,-1,-1,-1,-1,258
1054,1049,4,80,342,-1,35,-1,-1,264,7,11,601,315,-1,-1,-1,-1,258
1055,1051,4,80,342,-1,22,-1,-1,99,7,16,130,240,1,0,-1,-1,258
1056,1050,4,80,342,-1,22,-1,-1,100,-1,11,282,303,0,0,-1,-1,258
1057,1052,4,80,342,-1,40,-1,-1,118,7,11,233,183,-1,-1,-1,-1,258
1058,1053,4,80,342,4,22,-1,-1,99,7,11,103,182,1,0,-1,-1,258
1059,1054,4,80,342,-1,22,-1,-1,-1,-1,11,367,182,-1,-1,-1,-1,258
1060,1055,4,80,342,14,22,-1,-1,196,7,16,186,188,1,0,-1,-1,258
1061,1056,4,75,186,19,22,61,-1,243,7,16,81,38,0,0,-1,-1,-1
1062,1057,19,54,60,-1,49,-1,-1,119,7,8,104,170,-1,-1,-1,-1,63
1063,1058,4,80,208,4,40,-1,-1,194,7,11,400,322,-1,-1,-1,-1,221
1064,1059,4,54,-1,15,48,-1,-1,258,7,15,-1,-1,-1,-1,243,79,-1
1065,1060,4,80,-1,-1,55,-1,-1,55,10,14,201,302,0,0,-1,-1,204
1066,1061,4,77,-1,4,28,-1,-1,99,8,11,314,-1,-1,-1,-1,-1,275
1067,1062,4,80,177,-1,49,-1,-1,257,7,4,146,175,-1,-1,-1,-1,282
1068,1063,4,80,325,4,22,-1,-1,248,7,11,576,126,1,0,-1,-1,27
1069,1064,5,80,59,-1,40,83,-1,227,7,11,93,286,1,0,-1,-1,70
1070,1065,4,80,255,-1,82,-1,-1,138,1,15,202,157,0,0,-1,-1,220
1071,1066,4,43,233,-1,22,-1,-1,194,-1,4,0,234,-1,-1,-1,-1,143
1072,1067,13,36,-1,-1,62,-1,-1,264,1,-1,625,238,-1,-1,-1,-1,-1
1073,1068,4,73,125,-1,63,61,-1,299,7,11,62,286,0,0,-1,72,-1
1074,1069,18,0,-1,-1,21,-1,-1,-1,-1,-1,-1,-1,0,0,-1,-1,-1
1075,1070,4,32,306,4,21,45,19,205,7,16,395,306,0,0,-1,80,186
1076,1071,18,68,287,-1,48,-1,-1,-1,-1,8,-1,297,0,0,234,-1,-1
1077,1072,13,80,59,-1,13,-1,-1,179,9,15,400,166,1,0,-1,-1,96
1078,1073,18,80,213,0,37,-1,-1,99,9,8,19,309,1,0,235,-1,230
1079,1185,17,77,-1,-1,62,-1,-1,301,6,15,330,93,1,1,-1,-1,152
1080,1074,9,29,-1,7,11,-1,-1,107,6,15,592,302,0,0,-1,-1,141
1081,1075,4,80,14,-1,14,-1,-1,279,9,8,412,141,1,0,236,-1,315
1082,1076,4,80,-1,4,40,-1,-1,99,7,-1,593,-1,-1,-1,-1,-1,-1
1083,1081,4,34,110,1,63,61,-1,171,6,15,86,138,1,0,-1,-1,261
1084,1077,4,31,110,-1,68,-1,-1,174,2,15,241,155,1,0,-1,-1,261
1085,1079,4,31,110,-1,40,-1,-1,99,7,15,448,138,1,0,-1,-1,261
1086,1078,4,31,110,-1,40,-1,-1,99,7,15,249,193,1,0,-1,-1,261
1087,1080,5,31,110,-1,40,-1,-1,69,7,4,608,138,1,0,-1,-1,261
1088,1082,18,80,188,9,40,-1,-1,82,7,11,188,-1,-1,-1,-1,-1,134
1089,1083,4,80,290,4,22,71,-1,264,9,11,618,303,1,0,-1,-1,262
1090,1085,18,30,291,-1,63,66,-1,181,6,15,493,309,1,0,-1,-1,313
1091,1086,18,80,199,-1,14,-1,-1,141,9,15,204,16,1,0,-1,-1,263
1092,1084,18,80,59,-1,2,-1,-1,72,7,8,625,222,-1,-1,237,-1,37
1093,1087,9,80,330,-1,34,-1,-1,12,7,16,532,112,-1,-1,-1,-1,140
1094,1088,4,4,205,1,0,-1,-1,99,-1,-1,473,249,1,0,-1,-1,41
1095,1186,17,77,-1,-1,34,-1,-1,169,9,11,526,251,1,1,-1,-1,181
1096,1089,4,77,-1,-1,39,-1,-1,100,-1,16,-1,-1,1,0,-1,-1,-1
1097,1090,-1,19,-1,13,48,-1,-1,259,8,11,465,152,1,0,131,-1,-1
1098,1091,4,77,-1,0,39,-1,-1,171,7,9,225,303,1,0,35,-1,-1
1099,1092,4,80,208,4,22,-1,-1,171,7,16,250,-1,-1,-1,-1,-1,264
1100,1093,4,80,208,12,40,-1,-1,80,7,11,246,-1,-1,-1,-1,-1,264
1101,1094,4,80,342,14,22,-1,-1,210,7,11,540,-1,1,0,-1,-1,258
1102,1095,13,80,91,-1,63,-1,-1,300,1,8,615,83,-1,-1,-1,-1,248
1103,1096,13,30,-1,-1,62,-1,-1,281,7,11,225,80,1,0,-1,-1,229
1104,1097,6,1,319,7,16,-1,-1,223,7,15,451,322,0,0,239,-1,-1
1105,1098,13,31,316,-1,14,-1,-1,149,6,15,211,199,0,0,-1,-1,-1
1106,1099,-1,19,-1,4,62,-1,-1,99,8,16,303,-1,1,0,133,-1,136
1107,1100,4,54,-1,13,48,-1,-1,257,-1,3,602,312,-1,-1,-1,-1,-1
1108,1101,6,64,-1,9,21,-1,-1,38,11,3,-1,312,-1,-1,-1,-1,-1
1109,1102,4,77,-1,-1,21,-1,-1,100,-1,11,-1,-1,-1,-1,-1,-1,-1
1110,1103,1,40,308,-1,34,-1,-1,236,-1,16,568,312,-1,-1,289,81,-1
1111,1104,-1,14,229,-1,35,-1,-1,134,-1,5,273,-1,1,0,-1,-1,314
1112,1105,13,80,218,-1,49,-1,-1,72,7,15,587,26,1,0,-1,-1,139
1113,1106,4,80,230,0,43,-1,-1,239,7,11,184,261,1,0,-1,-1,250
1114,1107,4,80,230,4,40,-1,-1,213,7,11,533,254,1,0,-1,-1,250
1115,1108,5,80,218,-1,34,-1,-1,300,2,8,98,51,1,0,-1,-1,139
1116,1109,13,80,156,-1,68,-1,-1,68,6,4,200,-1,0,0,-1,-1,58
1117,1110,4,34,291,1,63,-1,-1,171,7,15,464,145,1,0,-1,-1,-1
1118,1111,4,77,-1,-1,27,-1,-1,100,-1,11,-1,-1,-1,-1,245,-1,-1
1119,1112,14,80,315,-1,63,-1,-1,297,2,-1,453,303,-1,-1,-1,-1,285
1120,1113,4,80,292,12,39,-1,-1,3,7,10,140,5,1,0,-1,-1,298
1121,1114,15,21,314,-1,63,-1,-1,99,7,15,554,302,-1,-1,83,-1,-1
1122,1115,4,54,328,-1,49,-1,-1,274,7,11,298,38,0,0,120,-1,-1
1123,1116,4,36,-1,-1,63,-1,-1,171,10,-1,225,303,-1,-1,246,-1,-1
1124,1117,4,36,78,-1,49,20,-1,171,7,15,493,273,0,0,-1,-1,253
1125,1118,4,77,-1,-1,21,-1,-1,1,-1,9,514,-1,-1,-1,-1,-1,-1
1126,1119,18,30,-1,14,21,-1,-1,264,7,11,514,-1,1,0,-1,-1,-1
1127,1120,4,54,328,-1,62,-1,-1,72,7,8,346,0,0,0,-1,95,179
1128,1121,19,54,183,-1,14,-1,-1,187,9,15,44,291,0,0,-1,-1,17
1129,1122,4,70,-1,-1,21,-1,-1,84,11,11,359,63,0,0,-1,87,268
1130,1123,4,30,-1,-1,62,-1,-1,20,10,16,392,297,0,0,250,-1,166
1131,1124,4,14,268,19,39,9,-1,253,9,8,532,42,-1,-1,126,84,128
1132,1125,4,52,88,19,26,-1,-1,177,7,16,362,176,0,0,-1,-1,51
1133,1126,18,30,-1,-1,48,-1,-1,67,10,12,457,44,0,0,-1,88,206
1134,1127,4,31,-1,-1,63,-1,-1,146,6,4,-1,71,0,0,-1,89,-1
1135,1128,4,52,3,1,49,-1,-1,99,2,11,510,28,1,0,-1,90,61
1136,1129,4,41,10,-1,63,-1,-1,99,7,11,614,255,1,0,251,-1,175
1137,1130,4,80,59,-1,49,-1,-1,184,2,11,384,305,1,0,-1,-1,88
1138,1131,13,52,-1,-1,63,-1,-1,294,1,-1,379,-1,0,0,-1,-1,155
1139,1132,13,52,155,-1,14,10,-1,79,6,15,234,139,0,0,-1,-1,155
1140,1133,13,52,-1,-1,62,-1,-1,294,-1,15,454,81,-1,-1,-1,-1,155
1141,1134,13,-1,155,-1,14,5,-1,187,9,15,445,135,0,0,-1,-1,155
1142,1135,13,52,85,7,6,-1,-1,294,9,15,297,195,-1,-1,-1,-1,155
1143,1136,13,52,155,9,22,48,-1,83,11,4,533,-1,0,0,-1,-1,155
1144,1137,13,52,-1,-1,62,-1,-1,99,7,-1,195,-1,0,0,249,-1,155
1145,1138,4,31,301,-1,22,66,-1,171,-1,16,-1,-1,1,0,-1,93,269
1146,1139,13,31,302,-1,62,-1,-1,242,6,11,185,268,0,0,-1,-1,-1
1147,1140,4,54,17,-1,40,-1,-1,21,7,4,522,156,1,0,-1,-1,270
1148,1141,4,80,342,-1,22,-1,-1,86,7,11,537,289,1,0,-1,-1,270
1149,1142,4,80,342,0,49,-1,-1,194,7,15,625,303,1,0,252,-1,270
1150,1143,4,80,-1,7,2,-1,-1,213,-1,15,625,138,1,0,-1,-1,-1
1151,1144,4,80,342,-1,49,-1,-1,156,7,11,179,108,1,0,-1,-1,270
1152,1145,4,80,-1,-1,40,-1,-1,194,7,11,307,-1,1,0,-1,-1,270
1153,1146,13,80,342,-1,40,-1,-1,194,7,4,625,252,1,0,-1,-1,270
1154,1147,4,80,-1,8,53,-1,-1,99,7,4,336,286,1,0,-1,-1,270
1155,1148,4,80,-1,-1,49,-1,-1,99,7,11,243,322,0,0,-1,-1,270
1156,1149,4,80,342,-1,40,-1,-1,264,7,11,567,322,1,0,-1,-1,257
1157,1150,4,80,342,14,22,-1,-1,40,7,-1,122,274,1,0,-1,-1,270
1158,1152,4,80,-1,14,22,-1,-1,208,7,11,531,-1,1,0,-1,-1,270
1159,1151,4,80,342,14,22,-1,-1,219,7,4,562,274,1,0,-1,-1,270
1160,1153,4,80,342,0,49,-1,-1,194,7,15,379,286,1,0,-1,-1,270
1161,1154,4,80,342,0,49,-1,-1,100,7,15,319,288,1,0,-1,-1,270
1162,1155,4,80,342,19,49,-1,-1,157,7,4,534,252,1,0,176,-1,270
1163,1156,4,41,7,-1,2,-1,-1,43,10,6,126,78,0,0,238,-1,177
1164,1157,4,31,227,0,50,-1,-1,99,6,8,89,303,0,0,-1,-1,-1
1165,1158,13,80,164,-1,49,-1,-1,229,7,15,409,200,1,0,-1,-1,271
1166,1159,4,30,109,0,25,-1,-1,112,7,-1,615,-1,-1,-1,91,-1,-1
1167,1160,4,77,-1,-1,49,-1,-1,171,10,-1,-1,297,1,0,-1,-1,72
1168,1161,4,31,168,20,40,-1,-1,171,6,16,347,-1,1,0,-1,-1,197
1169,1162,4,54,328,-1,14,-1,-1,156,7,11,321,325,0,0,-1,-1,179
1170,1163,4,70,311,0,48,-1,-1,99,-1,-1,313,35,1,0,-1,-1,151
1171,1164,4,18,183,-1,42,-1,-1,75,10,14,622,322,-1,-1,-1,-1,114
1172,1165,4,41,10,3,60,-1,-1,184,7,15,385,18,1,0,-1,-1,175
1173,1166,-1,-1,-1,-1,39,-1,-1,65,-1,-1,-1,-1,-1,-1,-1,-1,-1
1174,1167,4,80,330,15,22,-1,-1,248,7,8,180,73,0,0,-1,-1,233
1175,1168,1,40,308,-1,34,-1,-1,236,-1,-1,568,-1,-1,-1,113,51,-1
1176,1169,-1,14,229,-1,63,-1,-1,99,-1,15,240,228,1,0,-1,-1,314
1177,1170,13,80,93,-1,40,-1,-1,77,10,4,91,302,1,0,-1,-1,146
1178,1171,13,80,231,-1,63,-1,-1,122,2,8,304,72,1,0,-1,-1,248
1179,1172,18,30,-1,-1,62,-1,-1,-1,-1,-1,588,-1,1,0,-1,-1,149
1180,1173,4,74,184,-1,44,61,-1,193,9,11,0,-1,0,0,-1,-1,-1
1181,1174,13,4,293,-1,9,-1,-1,100,1,15,17,138,1,0,-1,-1,312
1182,1175,18,30,310,-1,21,-1,-1,293,-1,16,608,126,1,0,254,-1,-1
1183,1176,-1,75,-1,-1,40,-1,-1,278,11,-1,514,281,0,0,-1,-1,-1
1184,1177,4,80,-1,19,24,79,-1,264,9,11,532,-1,1,0,8,-1,297
