depmap_id,cell_line_display_name,lineage_1,lineage_2,lineage_3,lineage_5,lineage_6,lineage_4,H3K4me0,H3K4me1,H3K4me2,H3K4ac1,H3K9me0K14ac0,H3K9me1K14ac0,H3K9me2K14ac0,H3K9me3K14ac0,H3K9ac1K14ac0,H3K9me0K14ac1,H3K9me1K14ac1,H3K9me2K14ac1,H3K9me3K14ac1,H3K9ac1K14ac1,H3K18ac0K23ac0,H3K18ac1K23ac0,H3K18ac0K23ac1,H3K18ac1K23ac1,H3K18ac0K23ub1,H3K27me0K36me0,H3K27me0K36me1,H3K27me0K36me2,H3K27me0K36me3,H3K27me1K36me0,H3K27me1K36me1,H3K27me1K36me2,H3K27me1K36me3,H3K27me2K36me0,H3K27me2K36me1,H3K27me2K36me2,H3K27me3K36me0,H3K27me3K36me1,H3K27ac1K36me0,H3K27ac1K36me1,H3K27ac1K36me2,H3K27ac1K36me3,H3.3K27me0K36me0,H3K56me0,H3K56me1,H3K79me0,H3K79me1,H3K79me2
ACH-000382,CORL24,Lung,Lung Neuroendocrine Tumor,Small Cell Lung Cancer,,,,0.25602597,0.5646359,0.44890606,0.09611857,0.9212725,-0.44318405,-1.1074406,0.13076359,0.6109297,1.21003,0.19691747,-0.52525353,0.22937652,1.3745402,-0.11617525,0.052431878,0.04546236,0.55223274,2.8357384,-0.6594039,-1.3875178,-1.8965002,-2.2981043,-0.94445205,-0.883747,-0.3021521,-0.68461007,-0.2639491,0.020606855,0.4873348,0.8437651,1.0402309,-1.7122476,-1.0977752,-1.3923504,-2.394747,-0.41988862,-0.001916991,0.38811526,-0.090630494,0.5644393,1.1621573
ACH-000187,CORL311,Lung,Lung Neuroendocrine Tumor,Small Cell Lung Cancer,,,,0.31941193,0.42726436,-0.22140577,0.53680885,-0.30961388,-0.23650014,-0.1573047,-1.200022,1.0612595,0.6651128,1.2234472,0.88628376,0.35621572,2.2101219,-0.45004264,0.91356766,0.67214584,1.6533109,0.052931003,-0.18486081,-0.038095053,0.109521866,-0.94216067,-0.6967187,0.6923221,0.6534287,0.31708518,0.035708524,0.45266482,0.38860893,-0.3028352,-0.48134091,0.9963793,1.5021622,0.79408413,0.88448733,0.59241134,-0.1077626,0.16504836,0.28386265,0.10069991,0.41791475
ACH-000695,CORL47,Lung,Lung Neuroendocrine Tumor,Small Cell Lung Cancer,,,,0.15164357,0.068740904,0.49798754,0.9164675,0.070016645,0.17543499,-0.058153067,-0.9968735,0.6607782,0.69539267,0.63307256,0.44855425,0.41321698,0.8977102,-0.08982542,1.0279794,0.21302824,1.3678843,3.259964,-0.42043576,0.7267725,0.4793164,0.03028671,-0.59700054,0.7699323,0.99902326,-0.06956699,-0.32507983,0.2285175,0.39729214,-0.17283718,-0.4064802,0.7026515,2.028062,1.7322124,0.59668595,-0.53279144,0.060770467,-0.60119975,0.03239851,-0.084821925,-0.47796926
ACH-000743,CORL95,Lung,Lung Neuroendocrine Tumor,Small Cell Lung Cancer,,,,-0.2094043,-0.06005671,0.18155268,0.1508141,-0.24410139,-0.056183577,-0.2203608,-0.6316419,0.053859197,0.26038775,0.10334349,0.008413626,-0.5111092,0.15635327,-0.25312924,0.08842536,0.28835216,0.38875735,2.8805904,-0.5363929,0.23593968,0.10061728,0.043195285,-0.4247959,0.0698035,0.3493676,-0.051760662,0.35735765,-0.16369052,0.059461165,0.54429656,0.038255107,-0.3354064,0.62933433,0.20309712,0.31773296,-1.1781251,-0.195208,-0.5733925,-0.1082864,0.06876053,0.09735545
ACH-000594,DMS153,Lung,Lung Neuroendocrine Tumor,Small Cell Lung Cancer,,,,-0.12241178,0.06979296,-0.25749865,-0.7467259,-0.5052788,0.13559523,-0.12724133,-0.4289333,-0.37882215,-0.22331673,0.041602597,0.04763682,0.3673953,-0.5307922,-0.29907602,0.91359115,-0.34696296,0.40837252,1.3945545,-0.13161355,0.81015503,0.21880117,-0.56637824,-0.42018464,0.20447575,0.288325,-0.26024297,-0.2208767,-0.4092937,0.5897394,-0.98380023,-0.6335652,0.91040295,0.967403,0.72054654,-0.30561492,-0.11801759,0.03054082,0.26135075,-0.17462987,-0.4037132,-0.9275436
ACH-000844,DMS454,Lung,Lung Neuroendocrine Tumor,Small Cell Lung Cancer,,,,-0.16427906,0.5041295,0.7541413,-0.14062218,-0.9084438,-0.498979,0.3825141,0.3058667,-0.65112984,-1.1227146,-0.8943563,0.2534969,0.39976072,-0.55476743,-0.075474925,0.014372432,-0.25795645,-0.35209394,-0.14019357,-0.25873598,0.81495315,0.6683266,-0.49920413,-0.30001494,0.5261084,0.52294713,-0.50220346,-0.024378344,-0.07273894,0.18914698,-0.46639383,-0.9126783,0.09608876,0.72334117,0.2560848,-0.79186165,0.002964172,-0.06394176,0.008040026,0.026471222,-0.42343226,-1.2631711
ACH-000585,EPLC272H,Lung,Non-Small Cell Lung Cancer,Lung Squamous Cell Carcinoma,NSCLC Squamous,,,0.0928887,-0.33477905,-0.29996276,-0.004917032,-0.005396573,0.12855825,0.40683082,0.35649806,-0.45366362,0.12747239,-0.13770902,-0.03773495,-0.007507705,-0.06423452,0.23470801,-0.22660892,0.4377112,-0.37721705,-2.2132502,0.7931556,0.4951358,0.27571473,0.056139,0.85674495,0.45977715,0.45769385,0.3061508,0.776409,0.45125136,0.42146558,0.004529718,0.021207217,0.11046575,0.1380063,0.13095704,-0.4056718,0.1391643,0.23436986,-0.005386052,0.7341045,0.57681644,-0.056606945
ACH-000578,HCC1171,Lung,Non-Small Cell Lung Cancer,Lung Adenocarcinoma,NSCLC Adenocarcinoma,,,0.09191939,-0.30514553,-0.4132129,-0.47967243,-0.66487885,0.06847091,0.7008737,0.9471116,-1.6579788,-0.95825154,-0.8621967,-0.595493,0.4110975,-1.7923787,0.16113283,-0.69601744,-1.1403767,-1.01284,-2.3526046,-0.9446757,0.025631938,-0.5238435,-1.195461,-1.0127388,0.14463659,0.062168784,-0.032097477,-1.4451467,0.3259279,1.1034501,-1.9101901,-0.44087183,,-2.3082294,,-1.8096675,0.14765485,0.06868284,,0.29554895,-0.24865797,-0.37247264
ACH-000712,HCC1833,Lung,Non-Small Cell Lung Cancer,Lung Adenocarcinoma,NSCLC Adenocarcinoma,,,0.43137985,-0.04324617,-0.30330312,-4.366845,0.006996286,0.2861302,0.55914587,0.36678198,-0.23821194,-0.2747277,-0.14547569,0.47298482,0.14826068,-0.17625816,0.37606826,0.42950445,-0.16124822,-0.06664513,2.4446847,-0.44793496,0.123171024,-0.00122921,-0.111827016,-0.012838844,0.67535806,0.54037184,0.5509382,0.10395143,0.802077,0.6714082,-0.7595535,0.11318931,0.95765835,0.56395155,0.43459073,0.28809777,-0.5155523,0.23340684,0.37329155,0.2339468,0.20665023,-0.48623967
ACH-000731,HCC2279,Lung,Non-Small Cell Lung Cancer,Lung Adenosquamous Carcinoma,NSCLC Adenocarcinoma,,,0.06644494,0.10887264,0.8007316,-1.7340226,-0.23108299,-0.14740133,0.41983324,-0.002241891,-0.10054153,-0.8411582,-0.32803228,-0.053361807,0.3725974,-0.16846666,0.26581067,0.44165394,-0.36419594,0.22776648,-3.255285,-1.4291836,-0.26998183,0.6440382,-0.14464754,-1.3064696,-0.061780956,0.71194893,-0.1960127,-0.10580826,0.1993746,0.40089935,0.27922592,-0.018372137,-0.25943846,-0.56817746,-0.42552647,-0.20730546,-0.028867053,0.03595757,,-0.22045015,,-1.3109931
ACH-000840,HCC366,Lung,Non-Small Cell Lung Cancer,Lung Adenosquamous Carcinoma,NSCLC Adenosquamous,,,0.04724439,-0.67681915,-1.2611097,,-0.34956163,0.07279572,0.53271747,0.7606384,-1.0111768,-0.9358414,-0.60085964,-0.53187704,-0.25716323,-1.3073398,0.5750544,-1.8006712,-0.05142461,-1.1009643,,-0.6531347,,-0.4112791,-1.0547686,,,0.4626488,0.08584118,-0.76521856,-0.07806421,0.7935439,-1.1272776,0.037985057,,,,,,0.30932736,,0.11906355,,
ACH-000596,LCLC97TM1,Lung,Non-Small Cell Lung Cancer,Large Cell Lung Carcinoma,NSCLC Large Cell,,,0.050433103,-0.27664515,-0.06390262,-0.12133119,-0.2732316,-0.19535401,-0.10290888,0.65528107,0.0657136,-0.0804513,-0.025020568,0.23853937,0.34166813,0.30196458,-0.288212,-0.670739,0.024777561,-0.15738256,,0.94977796,0.26334226,-0.09538411,0.018098328,0.5834544,0.27705744,0.35641938,0.20228995,-0.011084229,0.18024205,0.18431112,-0.7284577,-0.29967397,0.0,0.14467345,0.12289801,0.002300444,0.19878423,-0.05120288,,0.1189788,-0.37171587,-0.6000561
ACH-000438,LU65,Lung,Non-Small Cell Lung Cancer,Giant Cell Carcinoma of the Lung,NSCLC Large Cell,,,0.34328526,-0.87587845,-0.43450472,0.29247874,0.4973563,0.39594442,0.07191058,0.2316811,0.43426618,0.5705622,0.16354005,0.024376025,-0.13507089,0.43680546,0.1847466,0.3042435,0.17222221,0.16867995,,0.09369391,-0.28637612,-1.1488522,-1.0915384,0.65522337,-0.023366952,-0.747155,-0.48755375,0.75690526,0.16019015,-0.25960144,0.28423017,0.12157737,0.50896996,-0.33114097,-0.54087126,-0.87436706,-0.3595318,0.24143627,,0.28873527,-0.24860486,-0.9055517
ACH-000851,MORCPR,Lung,Non-Small Cell Lung Cancer,Lung Adenocarcinoma,NSCLC Adenocarcinoma,,,-0.015838861,0.48014277,0.33691353,0.099639535,-0.8477405,0.25828838,0.30798903,0.0,-0.4010691,-0.6196034,0.27125043,0.55256087,0.5456106,-0.24764603,-0.113535404,2.1643534,-0.32430583,1.5854653,,-0.6850219,0.48057255,0.67266285,-0.20639077,-0.64288515,0.4283107,1.0176375,0.106677376,-0.7201163,0.37776765,0.6100377,-0.46171004,-0.19423802,1.3540134,1.789427,1.8625733,1.788541,-0.81357104,-0.076783724,,-0.09096156,0.18641123,0.6798392
ACH-000523,NCIH1184,Lung,Lung Neuroendocrine Tumor,Small Cell Lung Cancer,,,,-0.23031607,-0.28683734,-0.5306052,0.18788272,-0.21125005,0.126077,0.354721,-0.27955943,-0.3280332,-0.07676735,0.62514853,0.30376118,0.32649043,-0.3902681,-0.1528503,-0.35030785,0.55716205,0.039845772,,-0.73593146,0.34302744,-0.3420262,-0.42129213,-0.8252848,0.4924123,0.17804176,-0.06945347,-0.25214615,0.2964314,0.37058336,-0.1458574,0.09691254,0.34151128,0.1334718,-0.6182571,-1.0278276,-0.38380986,-0.038307656,,-0.14966011,-0.3913266,-1.3982102
ACH-000830,NCIH1436,Lung,Lung Neuroendocrine Tumor,Small Cell Lung Cancer,,,,0.2906202,0.5476685,0.25697485,0.53525674,0.2372549,-0.038486063,0.019586066,-0.11315386,1.3343436,0.92227083,0.7294278,0.389752,0.36572394,1.4328164,0.043826647,0.68135583,0.85243225,1.0925152,,0.5942786,0.48056468,0.05468628,0.4121707,0.37551412,0.35464263,0.3804505,0.15985796,0.32350862,0.4384445,0.49691132,0.48847675,0.16463386,1.2733467,1.046134,0.76084065,1.0685593,-0.69884676,0.3645011,,0.36861435,0.28747138,-0.43223423
ACH-000921,NCIH157DM,Lung,Non-Small Cell Lung Cancer,Lung Squamous Cell Carcinoma,NSCLC Squamous,,,-0.14871916,-0.120646596,0.45304227,-0.28793943,-0.04887209,-0.17059639,-0.26466423,-0.07767035,-0.12777178,0.3272195,0.35408857,-0.2109526,-0.022327026,0.04873911,-0.25756946,-0.45718807,0.3877026,-0.0754642,,0.62803906,-0.033948455,0.359442,0.4937783,0.6788789,-0.34898296,-0.11344181,-0.29190564,0.8686144,-0.5490966,-1.6613563,0.82198906,-0.6298808,-0.5167107,-1.7399741,-0.18189408,-0.64300257,0.93431246,-0.014417038,,0.0797972,-0.23632829,-1.1066431
ACH-000282,NCIH1755,Lung,Non-Small Cell Lung Cancer,Lung Adenocarcinoma,NSCLC Adenocarcinoma,,,-0.17926998,-0.007830752,0.17484915,0.005334557,-0.28273177,-0.21775898,-0.27533853,-0.53220445,-0.095507056,0.34101632,0.17583063,0.12798816,0.48438346,-0.032084074,-0.21434703,0.1283457,-0.20442262,-0.031956933,,-0.20608096,-0.050554775,0.029693231,0.15638226,-0.2020458,0.06673166,0.08002948,0.11750788,0.236296,0.18047142,-0.3219213,-0.029197797,-0.23417759,0.09222315,0.0371807,0.5172633,0.36348724,0.08884285,-0.12702201,,-0.09999006,0.18023303,0.49061105
ACH-000298,NCIH2029,Lung,Lung Neuroendocrine Tumor,Small Cell Lung Cancer,,,,0.17061889,0.1728835,-0.1417907,,-0.48928848,0.18915866,0.6755871,0.22529268,0.6663191,-0.5860484,-0.22399724,0.091992564,-0.27605835,0.3843725,0.30379218,-0.016110806,0.32048255,0.26133502,-1.8788122,-0.63873714,0.1611845,-0.64053,-0.2819722,-0.7232141,0.40091896,1.0199758,0.82247496,-0.43180746,0.49602517,0.05680763,-0.078005485,-0.14686023,-1.0504992,-0.47104326,-0.46365678,-1.5015804,-0.67177033,0.090936825,0.006636834,-0.15759443,0.71136457,1.0766767
ACH-000451,NCIH2085,Lung,Non-Small Cell Lung Cancer,Lung Adenocarcinoma,NSCLC Adenocarcinoma,,,-0.07260863,-0.13922466,-0.067663595,-0.21555342,0.15589245,0.17012632,0.080518305,-0.24412824,0.5194972,-0.33931997,-0.27492908,-0.6486671,-0.24164534,-0.26325136,-0.002644623,-0.92789185,0.106959105,-0.8066418,,-0.5552378,-1.1081477,-0.9179987,-0.49979106,-0.1498152,-0.6047735,-0.69496185,0.3049797,0.20483102,0.14876673,-0.43679684,1.037347,0.46737373,-0.8814539,-1.670796,-1.3727368,-0.8117559,0.33204183,0.03489674,,-0.025446052,-0.2566789,-0.7648139
ACH-000290,NCIH209,Lung,Lung Neuroendocrine Tumor,Small Cell Lung Cancer,,,,0.83229786,-3.04e-05,-0.18292065,1.2003706,-0.324127,-0.37888524,0.42499626,-1.5432811,0.22270544,1.2950046,0.42552432,0.41748282,0.08578794,0.77887064,-0.07948195,-0.48450217,0.97419846,0.30792663,-1.5317538,0.40442598,0.65775806,0.67830354,-0.8820014,-0.19376984,0.3991114,0.13047522,-0.8521194,-0.08056203,0.17545599,0.53506726,0.055478495,-0.06826406,0.604583,0.6066151,-0.3481428,-1.0516824,-0.03823718,0.10962292,-0.404976,0.25993085,-0.18611026,-0.469045
ACH-000610,NCIH2227,Lung,Lung Neuroendocrine Tumor,Small Cell Lung Cancer,,,,0.04733362,0.49801934,0.60029656,0.15360783,0.057897467,-0.25928247,0.26395655,1.0975815,0.20482244,-0.36854678,-0.74209017,-0.3579304,0.33447933,-0.20123067,0.11962548,0.33511257,-0.07936915,0.4620545,,0.71958786,0.900367,0.60783947,0.5892514,0.7098709,0.26285028,0.76500845,0.13555562,0.01960471,-0.5873043,-0.014329022,-0.13041335,-0.85702324,0.082341336,0.879397,1.1059493,1.0216227,0.7892081,0.073048934,,0.23071718,0.08303842,-0.3722558
ACH-000109,NCIH3255,Lung,Non-Small Cell Lung Cancer,Lung Adenocarcinoma,NSCLC Adenocarcinoma,,,-0.22435105,0.29298753,0.116667025,-0.3117684,0.40862486,-0.21104203,0.2081497,0.12896872,-0.23975629,0.47628063,-0.0700184,-0.7406256,0.13610986,0.06063107,-0.080485255,0.2552135,-0.4311401,0.14590381,-0.06551524,-0.17146564,-0.7243653,0.5574288,-0.33341098,-0.014026607,-0.6183161,-1.5345763,-0.041286953,0.25303417,-0.020863798,-0.51983213,0.70401716,0.5307773,-0.39502642,-0.18248263,-0.59689593,-0.40723732,0.2721254,-0.036966246,-0.111934654,0.07479002,-0.56119865,-1.5235549
ACH-000871,NCIH510,Lung,Lung Neuroendocrine Tumor,Small Cell Lung Cancer,,,,-0.49208575,-0.43019614,-0.7769724,-0.2863617,0.29864383,-0.26108158,-0.4396222,-1.2028549,-0.27823722,-0.04281593,0.002191433,-0.6876792,-0.9650688,-0.612189,-0.309179,-0.9011789,-0.24201961,-0.7935151,,-0.6240874,0.09291632,0.16663413,-1.3049088,-0.8318976,0.29115406,0.60909414,-0.7960963,-1.2257186,-0.34335947,0.33566597,-0.7522821,-1.2571888,-0.43737894,-0.6113859,-0.79945487,-1.698014,1.1365821,-0.4811909,,-0.3428648,-0.34875077,-0.5281534
ACH-000767,NCIH526,Lung,Lung Neuroendocrine Tumor,Small Cell Lung Cancer,,,,0.019519923,0.31682077,-0.011334676,0.25211188,0.052584246,0.32505572,-0.016762562,-0.18115085,1.0408951,0.1296961,0.22393665,0.27716348,0.17600589,0.8989118,0.22302715,-0.15066925,0.31408694,0.017980322,,-0.59714925,-0.11727145,-0.029693231,-0.02968496,-0.7519619,0.3087434,0.43081734,0.07360163,-0.46613282,0.63488364,0.64612436,-0.23412623,0.116842315,-0.36337966,0.0,0.020244502,-0.3911002,-1.0208218,0.046292834,,0.118315026,0.08457555,-0.2830063
ACH-000454,HCC95,Lung,Non-Small Cell Lung Cancer,Lung Squamous Cell Carcinoma,NSCLC Squamous,,,0.098936446,-0.61896545,-0.5067348,1.6296823,-0.38901633,-0.040961575,-0.005437907,-0.5669181,-0.76402706,0.20267627,0.54890364,0.5391291,0.20270626,0.001547212,-0.19854717,0.19295074,-0.045794073,-0.23444527,-3.0434055,-0.09141151,0.047815677,-0.13881758,-0.38415283,-0.22707237,0.18567418,-0.2170712,-0.20420197,0.31493324,0.2884045,0.11237719,-0.010029369,0.20014836,0.18376651,-0.6606265,0.003925198,-0.796637,0.29043248,0.049732424,-2.920693,0.07388497,-0.6153542,-1.6241106
ACH-000868,HCC1195,Lung,Non-Small Cell Lung Cancer,Lung Adenosquamous Carcinoma,NSCLC Adenosquamous,,,-0.28171363,-0.27343827,0.7580866,-2.2539809,-0.12915178,-0.064904764,-0.07236809,1.2683218,-0.09700909,-1.0493159,-1.4472454,-1.5452384,-0.35793114,-1.4396086,0.16042906,-1.3720629,0.096815325,-1.0715499,,0.0,-1.3736132,-1.4789176,-0.7920021,0.84033555,-0.9541373,-0.7613219,-0.012326506,0.95004016,-0.5793151,-0.7435513,1.1770357,-0.002742194,,,-1.7397718,-0.6854757,0.8151673,-0.11377342,,0.025374714,-0.28262186,-0.6753707
ACH-000901,HCC1359,Lung,Non-Small Cell Lung Cancer,Giant Cell Carcinoma of the Lung,NSCLC Large Cell,,,-0.06134491,0.043935023,-0.32019097,1.0599604,-0.2316549,-0.074755825,0.123159826,0.51878804,-0.3966304,0.1493449,-0.016382392,-0.15216886,0.05629235,-0.34673083,0.16717033,0.04013142,-0.067643784,0.026687305,2.4365327,0.92509806,0.5688641,0.70191973,0.23283303,0.44173908,0.12720184,0.4626338,-0.21559907,-0.1471302,0.1284017,0.19216937,-0.99651927,-0.14693896,-0.09489044,0.052352563,0.49446318,0.6084878,-0.4310471,0.01847334,0.025655486,-0.012639383,0.031284668,-0.11520117
ACH-000891,HCC1438,Lung,Non-Small Cell Lung Cancer,Large Cell Lung Carcinoma,NSCLC Large Cell,,,-0.3513569,-0.7536313,0.9101202,-1.9386166,-0.18849082,0.013318111,0.026102308,0.68352115,-0.004528873,-0.77404755,-0.50536746,-0.5860525,-0.48910707,-0.31351185,-0.14082982,-0.67056876,-0.33987945,-0.768627,-2.5172353,0.9587706,0.73365575,0.6067884,0.638902,0.35839134,0.40472513,0.35031673,0.1787282,0.49538553,-0.3424251,-0.34680116,-0.6572646,-0.6871459,,,-0.12513185,1.0166163,0.54391456,-0.04925633,,-0.16478798,-0.21299879,-0.1551693
ACH-000314,HCC2108,Lung,Non-Small Cell Lung Cancer,Lung Adenocarcinoma,NSCLC Adenocarcinoma,,,0.37782338,0.010625759,0.7046238,-2.4656801,-0.16062085,0.07819469,0.3661779,0.58699226,0.2684079,0.040809225,-0.016432667,-0.11355728,0.16901092,0.01474643,0.3155364,-0.8319506,0.12948035,0.45042223,-3.878625,0.7953247,-0.14689669,0.32509288,0.10664699,0.82306844,-0.10502477,0.37901014,0.39513448,0.48587307,0.79248405,-0.37412903,0.22098058,0.35365358,-0.29609817,-1.5856639,-0.4707365,-0.6166957,0.29581088,0.121806316,,-0.09352864,,-2.4905517
ACH-000803,COLO668,Lung,Lung Neuroendocrine Tumor,Small Cell Lung Cancer,,,,-0.060884792,-0.4148303,-0.021133188,-0.09533285,-0.55407363,-0.32567334,0.2949018,-0.2581623,-0.19187781,0.23436058,0.081833206,0.29960224,0.0,-0.054508284,-0.05720202,0.48328465,0.25813055,0.69245964,-2.725456,-0.11939223,0.31400138,0.5043717,0.4021402,0.021915626,0.21746993,0.7904387,0.4945894,0.04174783,0.08382189,0.12808274,-0.16259742,-0.19329832,0.71345234,0.5746018,1.1654656,1.1907442,-0.1924129,-0.25830334,0.38757616,-0.06971898,0.122851074,0.5097841
ACH-000390,LUDLU1,Lung,Non-Small Cell Lung Cancer,Lung Squamous Cell Carcinoma,NSCLC Squamous,,,0.07506347,0.24857463,0.4034613,-0.0753187,0.5205434,0.56109,-0.16031052,0.29985553,0.007380853,-0.35562393,-0.47046605,-0.92415154,-0.51198727,-0.5055778,0.26272696,-0.18286124,-0.41009504,-0.61704725,0.002145521,-0.020858899,0.44291234,0.085842595,-0.1585167,0.4231666,0.42444807,-0.24413626,-0.07527784,0.37776315,0.37719727,-0.36064908,-0.11231836,-0.10962817,0.31746444,0.17581855,-0.021076072,-0.18686067,0.70055825,0.020102631,0.07436568,0.089165665,-0.40175405,-0.937833
ACH-000508,CORL88,Lung,Lung Neuroendocrine Tumor,Small Cell Lung Cancer,,,,0.0459183,-0.108524725,-0.013221911,0.19325764,-0.6329728,-0.17941126,0.16496783,0.0039496,-0.370604,-0.14421655,0.06399348,0.39052337,0.61907023,0.07671528,-0.29966903,0.55037755,0.62543595,0.98222834,-0.11459526,-0.14185031,0.94978946,1.0189862,0.38795537,-0.34393904,0.44910476,0.76280355,0.33098665,-0.1930846,-0.21724291,0.23488693,-0.513452,-0.87220967,1.0531079,1.434251,1.1672834,0.95410913,-0.08344913,-0.10801309,-1.4286666,0.033024214,0.001304703,-0.40537944
ACH-000161,CORL105,Lung,Non-Small Cell Lung Cancer,Lung Adenocarcinoma,NSCLC Adenocarcinoma,,,-0.15270488,-0.4449296,-0.1511544,-2.8336859,-1.1729162,-0.65042233,0.42664105,1.0576512,-1.9412448,-1.7796386,-1.2338595,-0.27380538,0.51276726,-1.7508312,0.2455018,-0.4198603,-0.6058969,-0.9509332,-0.17581448,-0.7232369,-0.788528,-0.98340577,-0.62240803,-0.6918774,-0.50677603,-0.3369834,-0.042944975,-0.25490922,0.12219604,0.3775506,-0.6560143,0.35833448,-1.0189987,-1.004627,-1.5052724,-0.73537314,-0.7309122,-0.041055296,,0.038028512,0.39498112,0.72449213
ACH-000662,CORL23,Lung,Non-Small Cell Lung Cancer,Large Cell Lung Carcinoma,NSCLC Large Cell,,,-0.18654805,-0.17005174,0.019630974,,0.35316524,0.025792848,0.08121743,0.002124853,-0.1765167,-0.000296454,-0.335227,-0.39621824,-0.17297558,-0.39638823,0.000905927,-0.19968593,-0.000512653,-0.1512083,1.0756197,0.312952,-0.3189826,-0.2876245,0.009304031,0.27329952,0.12976098,0.11514783,-0.008224441,0.33441487,0.20071667,-0.42970723,-0.30676433,-0.013829188,-0.1431646,0.42908674,-0.6468094,-0.08484488,0.53469074,-0.021308545,-0.11859014,-0.12231209,-0.25931698,-0.3887289
ACH-000749,DMS273,Lung,Lung Neuroendocrine Tumor,Small Cell Lung Cancer,,,,0.2798187,0.14505647,-0.20316713,-0.118745364,0.013231537,-0.2584983,0.07349882,0.18418685,0.115035355,-0.35154808,-0.1198873,-0.19506475,0.008920044,0.13451126,0.14169306,-0.04482897,0.36231434,0.72435004,0.24112368,-0.2731643,0.05523132,-0.45121762,-0.16141805,-0.15434118,0.17668729,0.37738818,0.19464292,-0.11732784,-0.0596184,0.3151824,-0.20762983,-0.3341776,0.50347805,0.7606181,0.37712923,-0.70927286,0.4778811,0.09037226,0.19526514,0.21775258,0.08651073,-0.28923348
ACH-000837,NCIH322,Lung,Non-Small Cell Lung Cancer,Lung Adenocarcinoma,NSCLC Adenocarcinoma,,,-0.58593947,-0.2435092,-0.7980489,-0.41291082,-0.8050375,-0.21402377,0.019851742,-0.055272616,0.03549588,-0.3924323,0.32120433,0.69683146,0.8406294,0.45469192,-0.043656345,0.93011904,0.29184973,0.83489895,-0.25288826,-1.0014602,-0.2731085,0.9118758,0.53415966,-0.98064137,0.21861951,0.9900634,0.22273089,-1.094715,-0.0252862,0.6877093,-0.89610296,-0.64504045,-0.9635913,0.1859928,1.3095008,1.4671766,-0.14016202,-0.095763735,-0.06270559,-0.09241152,0.23476991,0.54378766
ACH-000257,CORL279,Lung,Lung Neuroendocrine Tumor,Small Cell Lung Cancer,,,,-0.11888529,0.4191948,0.29441184,0.4345887,0.07432599,0.24494392,-0.027906382,-0.48908848,0.26128528,0.36380103,0.38253507,0.5871232,0.40060014,0.68261355,-0.032677956,0.5518329,0.017016022,0.6676244,-3.1633143,-0.87519693,0.15554477,0.40206152,0.03554268,-0.61591184,0.26931438,-0.31394312,-0.103027634,-0.10005424,0.041696206,0.5870633,0.7442096,0.06174905,0.9554602,1.398414,0.6752065,-0.28795603,0.3057316,0.2455401,0.2972243,0.1318622,0.06385301,-0.2779243
ACH-000867,CHAGOK1,Lung,Non-Small Cell Lung Cancer,Non-Small Cell Lung Cancer,,,,0.22566232,0.63524485,0.18635537,0.35493445,-0.10313419,0.08558419,0.29055542,-0.11278074,0.090360925,0.27045307,0.49687648,0.57706493,0.6852606,0.46732822,-0.042306814,0.33011177,0.6922268,0.40625036,,-0.3107563,0.007491525,-0.4354105,-0.77595484,-0.5212548,0.33592376,-0.54076976,0.8566626,-0.40998033,0.57838374,0.6418231,-0.6026736,0.005846883,0.47379985,0.40617698,0.40191135,-1.2905021,0.5297582,0.1758499,0.18784438,0.20149429,0.15403157,-0.04018366
ACH-000603,BEN,Lung,Non-Small Cell Lung Cancer,Non-Small Cell Lung Cancer,,,,-0.91534686,0.9449037,-0.0816401,,-0.34193534,-0.07922693,-0.0613888,-0.6894188,0.48004183,-0.13111472,0.766263,0.6039158,0.26210907,0.5906609,-0.66936445,0.4836998,1.2341789,1.6693772,-0.5606012,-1.2477967,0.500878,0.47760332,0.20169704,-1.3611792,0.56803197,1.3149458,0.53140515,-1.6057818,0.16573282,-0.14006951,-0.99376553,-0.6755717,1.0762234,1.5273327,0.82918024,0.3210808,-0.61178094,-0.12715776,0.007811363,-0.20200518,0.27483347,0.2924478
ACH-000787,LXF289,Lung,Non-Small Cell Lung Cancer,Lung Adenocarcinoma,NSCLC Adenocarcinoma,,,0.009503462,0.04219077,0.539366,-0.17095976,-0.27130988,-0.001750527,0.42013952,0.36915338,-0.18820526,-0.6686228,-0.19603112,-0.056901254,0.0,-0.4154144,0.005661427,0.2873939,-0.22591488,0.4661879,,0.058531754,-0.07688241,-0.857522,-0.56189686,0.09147937,-0.4374339,-0.43004534,0.19071434,-0.09262405,-0.32931116,0.013983222,0.15853205,0.47145015,1.0190183,0.5367242,-0.018747376,0.20236096,0.7003203,-0.03142189,,0.004339417,0.074647374,-0.1518256
ACH-000925,DV90,Lung,Non-Small Cell Lung Cancer,Lung Adenocarcinoma,NSCLC Adenocarcinoma,,,0.22862928,-1.0404248,-0.2990565,0.8701226,0.7169003,-0.4326972,-1.0702822,-0.28346655,1.2034085,1.7843802,0.69837666,-0.33303338,-0.2064352,2.1249876,-0.34415367,0.692702,0.9397355,1.8179487,-0.2844902,0.44433042,-0.14837044,0.21961096,-0.30041936,0.19108793,0.07711408,-1.1528239,0.21886617,0.020043673,0.403792,0.17068027,-0.4747607,0.5508232,1.53799,1.4192941,0.6526761,1.1213429,-0.02166438,-0.16322179,-0.45129308,0.024942923,0.1009052,-0.03634979
ACH-000659,SCLC21H,Lung,Lung Neuroendocrine Tumor,Small Cell Lung Cancer,,,,-0.13992292,0.059044532,-0.37736517,,-0.17597921,-0.13337256,0.18815878,-0.5858886,-0.09275594,0.2974966,0.36009634,0.4446637,0.43384492,0.33178693,-0.14019223,0.32551652,0.31626308,0.61670375,-0.7944921,0.004425256,1.3726404,1.0861286,0.1772278,-0.60723674,0.7094688,1.8830241,0.59847194,-1.0776407,-0.5623166,-0.003100137,-1.4424314,-1.93767,0.27310687,1.6162089,0.6900389,-0.4137867,0.13587384,0.0346598,-0.009074844,-0.3995576,0.22741978,0.12189788
ACH-000627,LCLC103H,Lung,Non-Small Cell Lung Cancer,Large Cell Lung Carcinoma,NSCLC Large Cell,,,-0.12757996,-0.08296204,-0.3721066,-0.11535659,0.7808498,-0.24416097,-0.42533323,0.12614885,0.2937471,0.3215936,-0.4824457,-0.8215498,-0.15307859,0.23777276,0.001361932,-0.32254985,-0.046192963,-0.42870632,,1.2958694,0.360897,-0.31351262,0.4135037,0.6304722,0.046716545,-0.8780348,1.0891147,0.012185345,0.02975242,-0.1716438,-0.39266676,-0.15177716,0.000480501,0.98880905,0.930548,0.099098004,0.10485091,-0.048970122,-0.34772456,-0.17529069,0.015635187,-0.012726593
ACH-000176,LOUNH91,Lung,Non-Small Cell Lung Cancer,Lung Squamous Cell Carcinoma,NSCLC Squamous,,,-0.4531595,-0.327972,-0.09158032,-0.3846574,0.300205,-0.105841845,-0.40320182,-0.12638775,0.596068,0.07843676,-0.2664128,-0.61974764,-0.9742409,0.43332317,0.00068924,-0.85697037,-0.611817,-0.7085823,,0.25756815,-0.016761523,-0.08172536,0.079770036,0.23178332,0.04131418,0.04803434,0.032252148,-0.38611108,-0.12106865,0.12469851,-1.0313183,-0.08983923,-0.515909,-0.40881208,-0.5795921,-0.25597894,0.14793247,-0.17352128,,-0.16182983,-0.2747861,-0.249172
ACH-000826,CAL12T,Lung,Non-Small Cell Lung Cancer,Non-Small Cell Lung Cancer,,,,-0.13947162,-0.85611874,-2.721086,-1.3651193,-0.03829946,0.48214892,0.15256737,0.09414921,-1.3608549,-0.61673033,-0.67322606,-0.6304823,-0.71081805,-1.4641533,0.62420344,-0.2823308,-0.68271977,-0.7773984,5.4765844,0.8974221,0.8345306,0.707779,0.07803397,0.7620576,0.50932884,0.52433723,0.12872992,0.4677542,0.78607637,0.8751537,0.23506065,0.65632886,-0.120729566,,,0.18129599,0.04716456,0.29126486,0.059648316,0.327279,0.038281444,-0.22235502
ACH-000878,HCC15,Lung,Non-Small Cell Lung Cancer,Lung Squamous Cell Carcinoma,NSCLC Squamous,,,0.1945383,-0.025472011,-0.001028761,-4.961806,-0.4052264,-0.099291496,-0.6706444,0.93237025,-0.20697415,0.0974338,-0.087167725,0.063897155,0.36401358,0.28247935,-0.5296071,-0.1534923,0.19512336,0.26992154,-0.14016803,0.6330218,-0.95862085,-2.701529,-0.12870175,0.72149026,-0.812079,-1.0562425,0.5247145,0.20247304,-0.060767427,-0.40638155,0.4646446,0.4185774,0.19172153,-0.35393915,-0.5951746,-1.1283857,0.5191906,0.07806024,0.22694996,-0.3542484,0.04956652,0.20489465
ACH-000667,HCC44,Lung,Non-Small Cell Lung Cancer,Lung Adenocarcinoma,NSCLC Adenocarcinoma,,,-0.041108437,-0.28424326,-0.61230856,0.09339579,0.38917857,0.17306086,-0.5378609,0.37540865,0.25352383,0.26856294,0.020373147,-0.4012323,0.22204682,0.1083885,0.028421057,-0.04689594,-0.26442906,-0.3998803,,0.63824964,0.015898736,-0.8062554,-0.11176628,0.5390115,0.16033143,-1.1572415,1.2691078,0.05156681,-0.079394124,-0.1689945,0.44858906,0.17429656,0.25407735,0.26895323,0.22302148,-1.000517,0.23052312,0.041451078,,-0.008763284,0.020804938,-0.17249942
ACH-000562,HCC78,Lung,Non-Small Cell Lung Cancer,Lung Adenocarcinoma,NSCLC Adenocarcinoma,,,-0.6460684,-1.2405744,-1.0386434,-1.0008723,-0.2152172,-0.7573004,-1.0689056,-1.4502603,0.5485787,0.6383496,-0.07114863,-0.6676013,-0.2981374,0.8331526,-0.3912965,-0.70381033,-0.47536635,-0.589241,0.16116478,-0.27099448,-0.61436707,-0.9065519,-0.42862678,-0.63340473,-1.4559362,-0.38566458,-0.37078524,0.16799338,-0.3933919,-0.7092764,-0.5999836,-0.40913942,-0.30862454,-1.5719538,-0.79923016,-0.05485992,-0.72074836,-0.55256724,-1.4598793,-0.6508482,-0.7021124,-0.5440293
ACH-000515,HCC33,Lung,Lung Neuroendocrine Tumor,Small Cell Lung Cancer,,,,-0.020566566,0.4566685,-0.2563415,-2.0536704,0.5366751,0.19833544,,,,0.5958396,0.0,,-0.5819534,0.41433972,0.3046116,-0.04511607,0.1645287,0.14119554,,-0.24328832,0.48945934,,,0.003209871,-0.12696229,0.7547758,-0.3817665,,,-0.0542526,,,-0.057699762,-0.25702414,,,0.9079827,-0.049044427,,-0.0891023,-1.2848313,
ACH-000681,A549,Lung,Non-Small Cell Lung Cancer,Lung Adenocarcinoma,NSCLC Adenocarcinoma,,,0.05009669,0.5258406,0.008866804,-0.6457388,-0.19921371,-0.47817907,0.011929978,0.21849157,0.2956144,-0.07868586,-0.039635994,0.049271893,0.28283304,0.23506133,0.64431757,-0.05880161,-0.030580934,0.16253388,,-0.90483814,-1.6205527,-1.91749,-0.1927697,-0.21905662,-0.80314624,0.49151537,0.50196135,0.41497055,-0.14958726,0.32091585,0.010284507,0.5685069,-0.9184171,-1.474547,-0.96953344,-0.8441063,-0.44026974,0.16240706,0.13881,0.11179855,0.14290279,0.42947468
ACH-000785,NCIH2126,Lung,Non-Small Cell Lung Cancer,Lung Adenocarcinoma,NSCLC Adenocarcinoma,,,-0.1564742,0.17954758,0.004253322,0.059877686,0.98160285,0.5286707,0.19188198,0.19860205,0.20550558,0.19227354,-0.037144955,-0.66465795,-0.6781929,-0.18464501,-0.031578213,-0.30009502,-0.24229223,-0.3340997,,0.58911085,-0.011771399,-0.33423126,0.259,0.8980497,0.2707339,-0.0880078,0.16236426,0.7526832,0.34220782,-0.17967033,0.109303996,0.008779525,-0.20921059,-0.7634624,-0.61009634,-0.1770382,1.232453,0.220535,,0.1954609,0.6420224,0.9014593
ACH-000414,NCIH1944,Lung,Non-Small Cell Lung Cancer,Lung Adenocarcinoma,NSCLC Adenocarcinoma,,,0.08284041,0.6163744,-0.09920267,-0.17995323,-0.2969099,-0.28319022,-0.49294388,0.8598045,-0.14671725,0.5698971,0.40998378,0.16920826,0.5198903,0.41123587,-0.25154257,0.099974625,-0.8572646,0.40493104,,-1.3462558,-2.1267128,-2.339209,0.112435505,-0.5141218,-1.1165719,0.02440614,0.6306469,0.06952442,0.35134846,0.44152093,0.57485384,0.51408607,-1.6187115,-1.9076452,-1.0854408,-0.9695657,-0.123401284,0.1665542,-0.116161615,-0.100754336,0.02536213,0.22700192
ACH-001075,NCIH292,Lung,Non-Small Cell Lung Cancer,Mucoepidermoid Carcinoma of the Lung,NSCLC Mucoepidermoid,,,0.14895669,-0.25718507,-0.27656844,-0.35174042,-0.06749218,0.025869127,-0.018304896,0.60363233,-0.3142452,-0.7064338,-0.49994853,-0.6231195,-0.58053106,-0.83556587,0.002644623,-0.57039225,-0.80370724,-0.9967816,,0.51043445,-0.23007627,-0.3432311,0.49750793,0.49679643,-0.40605992,-0.7312233,0.41396597,0.22446206,-0.23190953,-0.5049581,-0.2456732,-0.022720225,-0.73839176,-1.037088,-0.7349974,-0.10647131,-0.71512014,-0.07803691,,-0.18581398,-0.049703974,-0.003684952
ACH-000703,DMS79,Lung,Lung Neuroendocrine Tumor,Small Cell Lung Cancer,,,,0.22460598,-0.21233979,0.32940373,-1.9242085,0.22783004,-0.285673,0.61583304,0.29845244,0.94802344,0.842467,0.5827353,0.3408036,0.0871333,0.7136604,-0.040727265,0.69696057,0.8345254,1.0173352,0.6145147,0.39446175,-0.38204956,-0.63320506,-0.7185152,0.44041914,0.09130052,-0.574271,-0.498714,0.46702224,0.2352104,0.20040824,1.5820119,0.5325679,0.94035184,1.096593,0.30849957,0.17543861,0.06706236,0.22196697,0.85276026,0.27087006,0.20802693,0.24374288
ACH-000698,DMS53,Lung,Lung Neuroendocrine Tumor,Small Cell Lung Cancer,,,,0.1160196,-0.15314421,-0.3486065,-1.4171276,-1.2811764,-0.7197067,-0.2080798,-0.033416104,-0.9678209,-1.150058,-0.69468427,0.599286,1.1251656,-0.6114181,-0.38463792,0.24961784,-0.08840683,-0.51118106,-0.27984694,-1.4531546,0.28748855,0.646869,-0.14569049,-1.8807919,0.42246494,0.33151534,-0.05169854,-1.5906477,-0.6877685,0.83878106,-0.95690966,-1.4191568,0.39617762,1.2619629,0.49277604,-0.21134898,-0.55497295,-0.22291186,-0.31091046,-0.27265465,0.27146918,0.46964654
ACH-000530,DMS114,Lung,Lung Neuroendocrine Tumor,Small Cell Lung Cancer,,,,0.4751003,0.2777337,0.1449324,-2.1718247,0.39335534,0.43034005,0.78973997,1.2994317,-1.2597386,-1.0193509,-0.5039553,-0.29096133,0.14145295,-0.61056125,0.87631243,-0.7507185,-0.13931946,-0.6685543,0.07036746,-0.2541349,0.50704044,0.66905487,0.24407506,-0.33319554,0.7750498,1.1130602,0.6166341,0.27777755,0.3719525,1.2030276,-0.33513844,0.7400469,-0.42717156,-0.67137986,-0.6398975,-0.0391704,0.69210744,0.37712067,1.6783515,0.30975994,0.67013717,0.7412312
ACH-000677,SW1573,Lung,Non-Small Cell Lung Cancer,Lung Adenocarcinoma,NSCLC Adenocarcinoma,,,0.17511374,-0.00010903,0.15099722,0.17103794,0.151683,0.39096087,0.34195602,0.18319277,0.16465512,-0.3007802,-0.11581048,-0.474117,-0.6412047,0.1021099,0.24198677,-0.4165762,-0.062379148,-0.6022757,,-0.34092847,-0.74252784,-0.4915463,-0.5605251,-0.10325706,-0.16371058,0.06607748,-0.3470581,-0.046577282,0.3530903,0.30573046,0.07563241,0.168969,-1.055452,-1.2509216,-0.45245177,-0.12543419,-0.469725,0.16903196,,-0.05177593,0.32216242,0.6665876
ACH-000890,SW1271,Lung,Lung Neuroendocrine Tumor,Small Cell Lung Cancer,,,,0.12659445,0.17711508,0.016782587,-1.5442182,0.80740786,0.42711705,-0.23722973,-0.6616357,0.5695305,-0.006504013,-0.2997583,-0.80627275,-1.4896449,0.30970094,0.19247109,0.3268331,-0.22617275,0.091098376,2.507224,0.6871645,0.7408614,0.43786207,0.037028324,0.48880264,0.6498322,0.17738914,-0.2718104,0.16517922,0.31471896,0.06356354,-0.60331017,-0.23103961,1.8530264,1.1950254,1.1118236,0.70868623,0.87783307,0.08485089,0.14298777,0.12863253,0.41362244,0.67743033
ACH-000790,SHP77,Lung,Lung Neuroendocrine Tumor,Small Cell Lung Cancer,,,,-0.017847415,-0.115651324,-0.09708144,1.3016944,-0.63380575,-1.3701558,0.03055901,-0.21561831,0.009133678,0.18206458,0.476455,0.9608776,0.88328195,0.94542414,-0.20742166,0.6401833,0.42755654,1.1918097,-1.3880334,-0.14577155,-0.55119944,-0.16312167,0.02296456,-0.2669241,-0.61208624,-0.4649561,0.16011102,0.30064806,-0.17352249,-0.48901573,0.5408563,-0.026027452,1.0805697,0.8082011,0.54004526,1.0067475,-1.60969,-0.16389123,-4.3678656,-0.13823801,-0.054716054,0.31686395
ACH-000012,HCC827,Lung,Non-Small Cell Lung Cancer,Lung Adenocarcinoma,NSCLC Adenocarcinoma,,,0.27249813,0.43948817,0.2313938,-2.0800204,0.42494836,0.6838248,0.13334243,0.49914917,0.5383936,-0.07115221,-0.29023656,-0.32497925,-0.2241623,-0.08942139,0.26411057,-0.42696935,-0.2274646,-1.0368601,-0.8300687,-0.8571267,-0.8788383,-0.2141826,-0.029815719,-0.27700675,-0.41394907,0.15471306,0.20898391,0.40959626,0.03972174,0.13142262,0.7753778,0.45474002,-1.4127247,-1.6862698,-0.74241155,-0.36545837,0.22457011,0.19315118,0.21800198,0.093782924,0.37831226,0.42642978
ACH-000150,HCC2935,Lung,Non-Small Cell Lung Cancer,Lung Adenocarcinoma,NSCLC Adenocarcinoma,,,0.035184715,0.37752107,0.07993619,0.26865232,-0.22913906,-0.09798483,-0.012992243,0.48650002,-0.76321924,0.2010263,0.35337272,0.22446945,0.49388385,-0.15457827,0.164155,0.9979423,-0.44534934,0.7045957,1.5762272,0.35186824,-0.98383725,-1.1609606,-0.986195,0.34817785,-0.7782189,-0.6491279,-0.3999911,0.5607688,-0.06435446,0.032937255,0.15889157,0.5628434,0.069147244,0.003622024,-0.041211985,-0.2981372,0.51606345,0.1076957,-0.2520208,0.12052675,0.037318192,-0.6926404
ACH-000066,HCC4006,Lung,Non-Small Cell Lung Cancer,Lung Adenocarcinoma,NSCLC Adenocarcinoma,,,-0.23135178,-0.664275,0.0770553,-0.64578116,-0.47150138,-0.64365155,0.23066916,1.1869271,-0.68669665,-0.9286377,-1.1710906,-0.18493591,0.85954475,-1.0679114,0.026842058,0.2506995,-0.6584303,-0.21434508,-0.31426764,0.2707711,-0.3323623,-1.297956,-0.72542095,0.33277684,-0.9320534,-0.1792183,0.4026081,0.4738411,0.008391715,-0.3662245,-1.2474688,-0.388553,0.807953,0.42757043,0.007714382,-0.36498094,-0.15337645,-0.07155046,,0.09379499,-0.4856523,-0.69920844
ACH-000900,NCIH23,Lung,Non-Small Cell Lung Cancer,Lung Adenocarcinoma,NSCLC Adenocarcinoma,,,0.22993535,0.48245034,-0.012765424,,0.037479375,0.001134153,0.30483913,0.40448844,-0.080760695,0.14008231,0.18588385,0.06804071,0.33534423,-0.100042485,0.49755138,0.17156817,-0.052365445,0.7133892,0.13388841,-0.17560036,-0.30767098,-1.2292799,-0.05489961,-0.39149937,-0.11287002,-0.06530605,0.62008524,-0.56973004,0.8342216,0.53507715,-0.11972684,1.1289365,1.2360651,0.92311156,0.58867884,-0.18881665,0.19960016,0.104296975,0.11137412,0.18807666,-2.3251114,-3.2115524
ACH-000510,NCIH1299,Lung,Non-Small Cell Lung Cancer,Large Cell Lung Carcinoma,NSCLC Large Cell,,,0.111863494,-0.16103432,-0.42755765,-0.7533624,0.20843637,-0.34374058,-0.10225439,-0.034790568,-0.32225713,0.00982519,-0.17395866,-0.5902983,-0.42155212,-0.26070878,0.12377287,-0.30571324,-0.2554849,-0.26920286,,0.39240122,0.35216543,-0.8946142,0.30359948,0.54594445,0.19664049,0.99708086,0.16107959,-0.25309545,-0.64465076,0.021604743,-0.518669,-0.75865924,-0.30659893,0.40814194,0.1992508,-0.74866796,-0.13530636,0.058270223,0.011022289,0.001251111,0.001511475,0.18992029
ACH-000860,NCIH358,Lung,Non-Small Cell Lung Cancer,Lung Adenocarcinoma,NSCLC Adenocarcinoma,,,0.1592964,-0.123649016,-0.088065624,-0.20985764,-0.19801016,0.26070362,0.5926888,0.34214595,-0.010884313,-0.7286593,-0.34608626,-0.27599156,-0.6931911,-0.55948144,0.24788293,-0.10090173,-0.24517083,-0.4342577,,0.4665644,0.50323474,0.21768942,-0.06875509,0.28534487,0.6339041,0.64521277,0.23628992,-0.0706871,-0.10158793,0.21775675,-0.4711044,-0.5361204,0.23743613,0.8466554,0.54916215,0.13979037,0.688138,0.16392629,,0.102216534,-0.45806912,-1.973639
ACH-000343,NCIH522,Lung,Non-Small Cell Lung Cancer,Lung Adenocarcinoma,NSCLC Adenocarcinoma,,,0.09360364,0.06336078,-0.41204354,0.12451922,0.173522,0.23201668,0.31313145,-0.0633105,0.8028868,-0.21020645,0.10251328,0.10953867,-0.052363396,0.5351893,-0.000528842,0.10376016,0.1742884,0.26610965,,0.36663026,-0.73167145,-1.8337588,-0.2620306,0.14824729,-0.5500517,-0.03870985,0.3451876,0.2670783,-0.26228774,-0.3687129,-0.055421907,0.24412617,0.18991207,-0.49587846,-0.6701012,-1.8762075,1.0015987,-0.08688075,0.055140723,0.15313995,-0.6883825,-1.3415709
ACH-000789,NCIH810,Lung,Non-Small Cell Lung Cancer,Large Cell Lung Carcinoma,NSCLC Large Cell,,,-0.1979874,-0.20448554,-0.5464746,0.48303583,0.3638747,-0.6989608,-0.6572033,-0.82730776,2.197952,0.8199387,0.42023608,0.07345897,0.1574731,1.8495733,-0.42794612,0.25174695,0.5874045,1.073695,,0.13443188,0.77124125,0.71220547,-0.5925698,0.013257523,0.4884091,0.49222618,-0.7706313,-0.36049092,-0.09075344,-0.19286463,-0.73521,-1.2656085,2.0427463,2.2001865,1.7603518,0.27010936,-0.026127212,-0.21331948,,-0.18793151,-0.3496715,-0.68845165
ACH-000297,NCIH889,Lung,Lung Neuroendocrine Tumor,Small Cell Lung Cancer,,,,0.124013565,0.95673347,0.21573828,0.43369067,0.6244331,-0.00674452,-0.024451343,0.44808358,1.1403077,0.8898906,0.41311002,0.34634864,0.625733,0.8154588,0.28650483,0.5357265,0.5540728,0.6572812,,-0.19289556,0.5422667,-0.17964679,0.38699946,0.14626044,0.42622176,0.18898183,0.1482184,0.15510891,0.62426066,0.32410654,0.2545583,0.52491105,0.64596117,0.6645209,0.20082085,0.17842633,-0.38210633,0.23089767,,0.23075314,0.5488222,0.38003355
ACH-000980,NCIH1155,Lung,Non-Small Cell Lung Cancer,Large Cell Lung Carcinoma,NSCLC Large Cell,,,0.07276034,0.29628202,0.20140147,-0.083199345,-0.076120906,-0.9076472,-0.6234844,-0.62943035,0.097068645,1.212211,0.7095572,0.6558041,0.8426331,1.5326539,-0.39568374,0.30424032,1.3232404,1.5749291,1.5950627,0.8943213,0.93235236,-0.18294437,-0.38255423,0.30670738,0.46813115,0.06909909,-0.35361737,-0.082832456,0.47029778,0.17426528,-0.24822323,0.21797523,2.7230408,1.6860079,0.8137725,0.20340598,1.0143573,0.09972864,-0.17129384,0.20199923,-0.10983059,-0.9198577
ACH-000752,NCIH196,Lung,Lung Neuroendocrine Tumor,Small Cell Lung Cancer,,,,0.10947228,0.068085425,-0.004253322,-0.34785715,0.33909488,-0.003627973,-0.6359647,0.09824771,1.2783839,-0.055117685,-0.37795964,-1.3003716,-1.18564,0.8940248,-0.20301823,-0.27883688,-0.61592877,0.045133367,,1.5239825,0.84329045,0.4190662,0.24229087,0.71513355,-0.12421987,-0.38050616,-0.75772196,-0.28698885,-0.83418715,-1.0838088,0.05036361,-0.62792474,1.2599967,0.7827655,0.92064524,0.50576884,0.8411323,-0.103193805,,-0.37677002,-0.11965987,-0.81261134
ACH-000639,NCIH211,Lung,Lung Neuroendocrine Tumor,Small Cell Lung Cancer,,,,0.42566854,-0.48663887,-0.24818195,0.45036197,-0.06925095,0.117687315,-0.12730505,-0.45080823,1.0069107,0.759441,0.7056316,0.1885137,0.5850082,1.1547158,-0.09562803,0.87782425,0.68881613,1.2303259,,-0.2514206,0.7068642,0.6218432,0.31956115,-0.81659204,0.4463396,0.63995254,0.001718109,-0.9207761,0.23326166,0.7742159,-0.14132461,-0.28864327,1.0645467,1.5520239,1.2818984,0.64272046,-0.14629824,0.03551405,,0.1720077,0.15264186,0.16746007
ACH-000816,NCIH524,Lung,Lung Neuroendocrine Tumor,Small Cell Lung Cancer,,,,0.3753879,-0.02977851,-0.22823279,0.12293822,-0.052865904,0.21981245,0.20176545,0.090796836,-0.4285076,-0.4563311,-0.12129222,0.0408754,0.2767093,-0.29249147,0.018956635,0.33492887,0.17455122,0.565001,,-0.81418455,0.10163591,0.04807023,-0.0835206,-1.109649,0.20539099,0.44945595,-0.011623318,-1.1341543,0.01354025,0.9655991,-0.86325926,-0.15202841,-0.24333358,0.40791297,-0.012980071,-0.63419354,-0.69452506,0.068175994,,0.061695628,0.08772851,-0.37231538
ACH-000378,NCIH647,Lung,Non-Small Cell Lung Cancer,Lung Adenosquamous Carcinoma,NSCLC Adenosquamous,,,-0.34513554,-0.5154444,0.3121364,-0.2345307,-0.20967868,0.3479454,-0.21297564,-0.10559838,-0.05381298,0.39255366,-0.06848426,-0.3310755,-0.36522403,-0.07472023,-0.04672576,-0.3088014,0.20730893,-0.24897988,,1.0712941,0.45165852,0.5977174,0.44838965,0.526475,0.11806698,0.27294102,-0.062490843,-0.057629064,-0.24596451,0.06855703,-0.6501249,-0.43413347,0.025825452,0.37776795,0.41061044,0.24380897,-0.24362299,-0.04773837,,-0.19020568,-0.021429265,0.042740826
ACH-000945,NCIH650,Lung,Non-Small Cell Lung Cancer,Lung Adenocarcinoma,NSCLC Adenocarcinoma,,,-0.116862014,-0.050615232,0.021534123,-0.4108482,0.62328565,0.014847717,-0.69331276,0.10208105,-0.42619282,0.19081278,0.021642651,-0.80411273,-0.84666014,-0.40611175,0.062688574,-0.52245206,-0.066445224,-0.5331775,1.0304451,0.09966736,0.09221217,0.04002024,-0.28748778,-0.29821333,-0.20023866,-0.48427385,-0.15705709,-0.55103,-0.034029547,0.28474453,-0.45521748,0.5803142,-1.1499412,-0.1564531,-0.47458845,1.0072681,0.10066893,-0.05604259,-0.31160635,0.27226454,0.22675021,0.7599328
ACH-000416,NCIH838,Lung,Non-Small Cell Lung Cancer,Lung Adenocarcinoma,NSCLC Adenocarcinoma,,,0.16039658,0.04732775,-0.22623186,-0.31629515,0.8533158,0.45546672,-0.99516666,0.23325348,1.0468447,0.12973787,-0.45117342,-1.3924714,-0.95059156,-0.16054972,-0.3074467,-0.3047336,0.21150512,0.35713887,0.16181922,0.2567099,0.07278109,-0.2704056,0.82123053,0.3535793,-0.17274915,0.2856062,0.16995806,0.18843488,-0.20352541,-0.71654385,0.87159985,-0.082013056,0.6998563,0.6133304,0.90190816,0.4591118,-0.099541254,0.08615101,-0.07382705,-0.19797133,0.043319453,1.2162011
ACH-000292,NCIH841,Lung,Lung Neuroendocrine Tumor,Small Cell Lung Cancer,,,,-0.13920912,-0.6411854,-0.2826044,-0.07496633,-0.023725083,-0.19422644,-0.017151754,-0.08564984,0.5075169,-0.36700004,-0.20139103,-0.34582624,-0.12958978,0.22357228,-0.08407311,-0.21118572,-0.4013705,-0.12528908,,0.28389776,0.12201535,-0.15460758,0.15730615,0.5440441,-0.24687047,-0.4557856,-0.4108633,0.0401981,-0.26078042,-0.51330477,0.08688453,-0.13371828,0.6761342,0.4306091,0.27238336,0.64738697,-0.20775008,-0.22924285,,-0.30971935,-0.18650538,0.27783704
ACH-000514,NCIH1092,Lung,Lung Neuroendocrine Tumor,Small Cell Lung Cancer,,,,0.032560848,-0.050409857,-0.44473168,0.366691,0.002605513,0.16135707,0.19085725,-0.16082181,0.8064688,-0.25047606,-0.14318496,0.018064056,-0.4167526,0.4373849,-0.1951085,0.4221814,0.50978684,0.78891575,-2.9909084,0.23934974,0.969475,0.74248713,-0.014507973,-0.000881718,0.6722719,0.61335874,-0.27766946,-0.13430597,0.061005156,-0.0668218,-0.38221565,-0.4432227,0.57206887,0.68938804,0.8066269,-0.6573754,-0.17713892,-0.035951648,-3.5793934,-0.059655953,-0.36986116,-1.2098563
ACH-000780,NCIH1105,Lung,Lung Neuroendocrine Tumor,Small Cell Lung Cancer,,,,-0.12823933,-1.1891954,-1.2330455,0.5222568,-0.34472638,-0.05930584,0.019555489,-0.6435636,-0.47366735,0.39055848,0.5192299,0.6078513,0.6613881,-0.12796511,-0.1584309,-0.06161057,0.47955012,0.43650678,,-1.1505682,0.028265776,-0.20479484,-2.5571864,-1.4986395,0.4137713,0.58459145,-1.8850229,-1.7453218,0.47615048,1.2457609,-0.3818671,0.23398344,0.49390814,0.35126117,-0.5741218,-2.7438889,-1.2111809,-0.07647083,,-0.19005302,-0.29692298,-0.91140395
ACH-000129,NCIH1341,Lung,Lung Neuroendocrine Tumor,Small Cell Lung Cancer,,,,0.11602506,0.4147384,0.043524757,0.14464352,-0.14964443,-0.28440008,0.027187226,-0.37273282,0.75348973,0.3411761,0.3821041,0.53844136,0.52085763,0.9868317,-0.029609876,0.3062678,0.35809675,0.32381174,,-1.4258244,-0.37772688,0.16495156,0.36617327,-0.9812031,-0.22672674,0.43732005,0.17321667,0.102375306,-0.15919623,-0.1552373,0.9557019,-0.045086518,-0.51397276,-0.8020833,0.34719032,0.30064136,-0.95086294,-0.0726309,,-0.008803941,0.17491378,0.003684952
ACH-000666,NCIH1355,Lung,Non-Small Cell Lung Cancer,Lung Adenocarcinoma,NSCLC Adenocarcinoma,,,0.18445376,0.35418078,0.008883011,,-0.5046192,-0.55794317,0.42421392,0.6385213,-0.1464665,-0.91180784,-0.5567088,-0.036671247,0.14263949,-0.29741165,0.09706123,-0.30038303,-0.197339,-0.2612748,,0.049358793,-0.24406546,-1.6605203,0.43752313,0.14924812,-0.43302286,-0.08323932,0.7437812,0.05357648,-0.17268346,-0.20719805,0.7879028,0.32852855,0.008978201,-0.4017271,-0.74595666,-0.18637237,0.5362343,-0.038028624,-0.001974401,-0.046139896,0.16947682,0.69284725
ACH-000737,NCIH1385,Lung,Non-Small Cell Lung Cancer,Lung Squamous Cell Carcinoma,NSCLC Squamous,,,-0.012223943,0.5455782,-0.16104552,0.01941227,-0.73023486,-0.15827753,0.21956037,0.6385442,-0.2959238,-0.85470134,-0.27479422,0.102430545,0.96800125,-0.32020968,0.16736308,-0.27339798,-0.48614663,-0.53241336,,-2.0506635,-1.5072044,-0.87221223,-1.2335497,-1.8547438,-0.6126248,0.21236876,-0.18521155,-0.99005806,-0.018099017,0.56924903,-0.03864716,-0.08857465,-1.3718772,-1.5924143,-0.99950916,-1.1899467,0.7603034,0.077534005,,0.011482179,0.5451168,0.37411642
ACH-000852,NCIH1435,Lung,Non-Small Cell Lung Cancer,Lung Adenocarcinoma,NSCLC Adenocarcinoma,,,0.13505581,0.12963371,-0.09997716,0.21342008,-0.3317542,0.23950039,0.28018847,-0.16109449,0.41868788,-0.018706491,-0.08046728,0.1492145,0.077578165,0.7360227,-0.06660561,0.007629989,0.28510144,0.011241694,,0.38561007,-0.21449544,-1.1441358,-0.97043294,0.5076031,-0.1187712,-1.2587228,0.14065997,0.38249904,-0.29029712,-0.6328118,0.35939068,0.031234086,0.32307762,0.037810773,0.11154647,-0.9580406,1.0185131,0.03325242,0.111761995,0.001701751,0.13235581,0.15981424
ACH-000589,NCIH1437,Lung,Non-Small Cell Lung Cancer,Lung Adenocarcinoma,NSCLC Adenocarcinoma,,,-0.40278316,-0.59768754,-0.18962869,0.44938537,-0.12305384,-0.2831004,-0.32106152,-0.31027853,-0.62968576,-0.6572682,-0.54933,-0.5669042,-0.83562785,-1.0592744,-0.95004153,-0.7052169,-0.99010783,-0.72360873,-0.64245874,0.62830716,0.57438225,1.0243523,0.27537975,0.3798386,0.22990893,0.040410135,0.10375582,0.28042534,-0.087080985,-0.38965717,0.05117529,-0.07725147,1.7942132,1.181038,0.57191145,1.1634942,-0.8382253,0.05897824,-0.05485834,0.043286238,0.007006807,0.40375355
ACH-000892,NCIH1563,Lung,Non-Small Cell Lung Cancer,Lung Adenocarcinoma,NSCLC Adenocarcinoma,,,-0.25418812,0.5443499,0.10480481,-2.9862149,0.32588843,0.2962157,0.7233068,0.5274185,0.27146408,0.31260335,-0.17925747,0.27528027,-0.0978324,0.0391066,0.3238914,-0.12844315,0.23342372,0.13166137,1.4404088,0.8087124,0.4205957,-0.11349035,1.0950538,0.31797996,0.17215674,0.6281724,2.0083547,-0.20835258,0.16489002,0.7847506,-0.021856772,0.26014435,-0.62258464,-0.30275464,-0.2985108,0.019030483,0.3554909,0.3682341,0.3522199,-0.069856256,0.25881004,0.8039558
ACH-000869,NCIH1568,Lung,Non-Small Cell Lung Cancer,Lung Adenocarcinoma,NSCLC Adenocarcinoma,,,-0.46807733,-0.36903176,-0.31714553,-0.57571906,-0.21239793,-0.059849925,-0.44529504,0.18103719,0.27704707,-0.9240727,-0.6974381,-0.24397074,0.012833339,-0.48665205,-0.35125038,-0.9112537,-0.42312616,-1.1597974,1.2656558,0.3836921,0.2135916,-0.053484023,-0.61971045,-0.29542607,-0.19748554,-0.7141773,-0.8822479,-0.21966748,-0.60282016,-0.084405445,-0.21936059,-0.4330254,-0.17084551,0.55591977,0.358331,-0.27703276,-0.6510718,-0.4763668,-0.52248585,-0.50234556,-0.4265335,-1.7926072
ACH-000015,NCIH1581,Lung,Non-Small Cell Lung Cancer,Large Cell Lung Carcinoma,NSCLC Large Cell,,,-0.13792749,-0.20390308,-0.47398606,-0.24948512,0.19492614,-0.30348173,-0.1917677,-0.2834837,0.37510866,-0.057352234,-0.5527247,-0.9079167,-0.8240224,0.5744324,-0.2364841,-0.31662428,-0.15981212,-0.07202884,,0.089569,-0.34452832,-0.3162339,-0.32808644,0.22726618,-0.4689432,-0.6723963,-0.22326832,0.002147685,-0.5501853,-0.77285165,0.13489328,-0.29929408,-0.12297174,-0.41518646,0.098293535,0.25610524,0.03798979,-0.24755819,,-0.1905217,-0.5152789,-0.7316155
ACH-000916,NCIH1573,Lung,Non-Small Cell Lung Cancer,Lung Adenocarcinoma,NSCLC Adenocarcinoma,,,0.2369711,0.65046227,0.10895403,-1.7659764,0.3279609,0.41419262,-0.33253452,0.24279091,1.662932,0.86834717,0.4064133,-0.03454338,-0.18381582,1.6441745,-0.084025756,0.9437663,0.42424324,1.4831524,,-0.07651856,-0.8253371,-1.5097871,-0.14123338,-0.09211751,-0.41862246,-0.24050364,0.49636275,-0.15983893,0.547248,0.31239986,-0.3293716,0.5347652,0.44326296,0.3906589,0.16478507,-0.41842344,0.29763177,0.06305059,-0.006919434,-0.026360627,0.04354541,0.16209988
ACH-000179,NCIH1618,Lung,Lung Neuroendocrine Tumor,Small Cell Lung Cancer,,,,0.020652842,0.0625958,0.03618269,-2.0590706,-0.33169127,0.0209714,0.21417919,-0.27718496,0.000342397,0.022849066,0.43152064,0.48755103,0.37131932,0.24519041,0.015640944,-0.29331714,0.2483303,-0.43149197,-2.0609398,-0.8920619,0.0648878,-0.045156695,-0.8253568,-0.4663553,0.39402044,0.5333325,-0.18143216,0.09646775,0.34360567,0.5237981,0.2693247,-0.13636072,-0.57889473,-0.26049793,-0.5932176,-1.1028134,-0.41124082,-0.003482429,-6.1085114,0.067016825,-0.2724433,-1.0472972
ACH-000744,NCIH1623,Lung,Non-Small Cell Lung Cancer,Lung Adenocarcinoma,NSCLC Adenocarcinoma,,,0.10235903,0.7390222,0.89315265,-0.11341635,-0.7614879,-0.023750277,0.31649432,0.5464829,-0.42740953,-0.66009563,0.015971985,0.25848022,0.77868015,-0.31255996,0.18454018,0.3015406,-0.37758783,-0.25473902,,-0.14654441,0.15609364,0.08948923,0.38898245,-0.27476728,0.076884314,-0.26212102,0.40375394,0.17003414,0.16360667,-0.14968713,0.4751529,0.39676425,-0.13106431,-0.08275114,-0.24390374,0.07457564,-0.15286088,0.03360289,,0.008085158,0.19809556,-0.15597485
ACH-000766,NCIH1648,Lung,Non-Small Cell Lung Cancer,Lung Adenocarcinoma,NSCLC Adenocarcinoma,,,-0.21521679,0.3873082,0.5641881,-0.22919975,-0.049503185,0.13572326,0.09663792,0.57786566,-0.44181594,-0.52804023,-0.2970054,-0.49430874,0.056389164,-0.3018524,0.27128285,-0.7900029,-0.21625707,-0.7707103,,0.005282832,-0.484611,-0.977098,-0.20414224,0.17543629,-0.45072776,-0.9069229,-0.085805364,0.2709219,0.14564244,-0.26077145,0.38876384,0.36290476,-0.32126284,-1.4403074,-1.1994829,-0.876069,0.9255574,0.057753585,,-0.041533295,0.3427159,0.5902823
ACH-000893,NCIH1651,Lung,Non-Small Cell Lung Cancer,Lung Adenocarcinoma,NSCLC Adenocarcinoma,,,0.31249562,0.7384826,0.6689145,0.12790537,-0.21314147,-0.15543678,0.38697088,0.66635036,-0.20344344,-0.23287013,-0.20895767,0.031456314,0.5310802,-0.10031206,0.24404922,0.4129232,-0.52999824,0.053477313,,0.14255975,0.5223325,0.7308212,0.20927225,0.1497528,0.4705576,0.7733993,0.5481658,-0.28720036,0.064395435,0.3551287,-0.94608843,-0.7141907,0.16536643,0.5444584,0.8519301,0.7799733,-1.0788721,0.15286212,,0.035758447,0.39153427,0.5978746
ACH-000448,NCIH1666,Lung,Non-Small Cell Lung Cancer,Lung Adenocarcinoma,NSCLC Adenocarcinoma,,,-2.0212758,-1.9503689,-1.9014689,-1.6324594,0.078810774,-0.034340866,-0.36675802,-0.1875401,0.9897124,-0.09479797,-0.3964065,-0.9671604,-1.0539902,0.24696675,-0.27804455,-0.40573654,-0.34048086,-0.6388343,,1.0062093,0.47743163,0.23356846,-0.039197337,0.68458253,0.6445834,0.21185234,-0.092410006,-0.6803024,0.1065207,0.36922595,-1.6651433,-0.6851008,-0.46616054,0.5970062,0.6247162,0.30385903,0.19980161,-0.01157885,,0.08399197,-0.17431787,-0.4566765
ACH-000021,NCIH1693,Lung,Non-Small Cell Lung Cancer,Lung Adenocarcinoma,NSCLC Adenocarcinoma,,,-0.2833837,-0.2902417,-0.62652594,,-0.07460215,0.28311518,-0.11547435,-0.48287937,-0.47341424,-0.40724337,-0.14196263,-0.40110445,-0.5890763,-0.46458253,-0.003501015,-0.12780474,-0.48517048,-0.5145277,-0.530681,-1.259008,-0.21875823,0.08969864,-0.4076086,-1.2226586,-0.017812943,0.9146952,-0.07184222,-1.3283528,-0.16096786,0.78228045,-1.4710536,-0.68967086,-1.0091776,-1.0194374,-0.4854902,-0.72671384,-0.43187916,-0.14155145,-0.09014526,-0.2660241,-0.12799695,-0.22788852
ACH-000431,NCIH1694,Lung,Lung Neuroendocrine Tumor,Small Cell Lung Cancer,,,,0.4809088,0.29844046,0.07377692,0.4139534,-0.47954273,0.13327953,0.053278957,-0.22046746,-0.42716008,0.21550374,0.9061193,0.9231245,0.938963,0.07173225,0.4199349,0.51212186,0.30843195,0.46410593,,-0.4998952,-0.056093253,0.10669386,-0.9205467,-0.8494079,0.2557452,0.39502135,-0.36150196,-0.41735566,-0.4152265,0.46991447,0.7556848,0.09689993,0.05568306,-0.65929425,0.11428751,-1.2890122,0.28039593,0.11756355,,0.18598369,0.19175997,-0.43756065
ACH-000747,NCIH1703,Lung,Non-Small Cell Lung Cancer,Lung Squamous Cell Carcinoma,NSCLC Squamous,,,0.14947595,-0.08580547,-0.23742655,,-0.22041307,0.115526885,0.45035267,0.3152649,-0.98959243,-0.7643713,-0.4098927,-0.14323024,0.076578595,-0.6467102,0.24654807,0.36166057,-0.5479239,-0.2704226,-0.415747,-0.70234686,0.1661263,-0.0749869,0.3122902,-0.21005839,0.0670622,0.02623936,0.5055815,0.069678456,0.4917577,0.005872882,-0.25497636,0.16706847,0.246123,0.18048081,0.1474652,0.74019974,-0.41773352,-0.03872981,,0.19912598,0.30988935,-0.02707574
ACH-000675,NCIH1734,Lung,Non-Small Cell Lung Cancer,Lung Adenocarcinoma,NSCLC Adenocarcinoma,,,0.2766561,0.33201295,0.04361408,-0.070731424,0.27672854,0.4482772,0.18622656,0.54007447,0.093469106,-0.23259631,-0.13424034,-0.48757476,-0.04252878,-0.30793038,0.28898016,-0.025732419,0.04775639,-0.08711055,,-0.44821036,-0.36043066,-0.37624362,-0.33115798,-0.5347217,-0.1755601,0.08415133,0.3023553,-0.37588683,-0.1010852,1.040987,-0.3168184,-0.008016933,-0.60191256,-0.92861503,-0.26627082,-0.27528983,0.26452962,0.110647984,,0.16196819,0.35275128,0.13406244
ACH-000379,NCIH1781,Lung,Non-Small Cell Lung Cancer,Lung Adenocarcinoma,NSCLC Adenocarcinoma,,,-0.013657535,0.12009589,-0.14601834,-0.191999,0.21319953,0.10351666,0.06150801,-0.31084573,0.24855492,-0.14813025,-0.06255688,-0.33144748,-0.27952424,0.63048726,-0.035369962,0.5939882,-0.5090344,0.5024129,,-0.7628987,-0.63353115,-0.39140907,-1.209689,-0.3886196,-0.009119457,-0.05860887,-0.27600855,-0.60717636,-0.3961083,0.5482982,-0.19688381,0.009330832,-0.20968312,-0.18515559,-0.09223816,-0.2590065,0.34948167,8.57e-06,,-0.060667925,0.067504264,-0.19744216
ACH-000496,NCIH1792,Lung,Non-Small Cell Lung Cancer,Lung Adenocarcinoma,NSCLC Adenocarcinoma,,,-0.13546312,-0.11581081,0.299648,-0.42464435,-0.29555455,-0.018090773,0.13322258,0.26581383,-1.1186471,-0.287248,-0.2074785,-0.077880114,-0.08666566,-0.99375457,-0.1127473,-0.3636253,-0.3549095,-0.68490785,1.8730127,1.0844791,1.1414906,0.8107087,0.71096563,0.45696676,0.20508009,-0.4248175,0.04999891,0.002824049,-0.40449786,-0.3580519,-0.4896885,-0.44499913,0.76400965,0.64957565,0.34825093,0.3947117,0.4361179,0.16419493,-0.060937174,-0.027295968,0.33711246,1.237754
ACH-000888,NCIH1793,Lung,Non-Small Cell Lung Cancer,Lung Adenocarcinoma,NSCLC Adenocarcinoma,,,0.05284157,0.04158091,0.15769139,-0.24021827,-0.07921129,-0.07040159,0.17010082,-0.11860637,-0.14213789,-0.8075931,-0.9415119,-0.5470466,-0.4504782,-0.5050693,-0.17869142,-0.5807302,-0.21927749,-0.57110864,-2.13223,-0.13345616,0.037888072,-0.6298633,0.14117818,0.067684144,-0.39147305,0.17410026,0.21789691,-0.10678745,-0.1965245,-0.45989132,0.4555006,0.25847283,-0.69926184,-0.9587584,-0.7207116,-1.7036045,-0.35194886,-0.25534943,-0.1841268,-0.36344674,0.088493645,0.60515094
ACH-000559,NCIH1836,Lung,Lung Neuroendocrine Tumor,Small Cell Lung Cancer,,,,0.26257885,0.5603753,0.35365433,-0.028369565,0.6781895,0.3457616,-0.22411543,-0.524187,0.7436578,0.9910239,0.4414778,-0.25158927,-0.81335217,0.3216266,-0.054872874,-0.50284827,0.799419,-0.11022303,,-0.47453803,-0.47951955,-0.49242556,-0.45504937,-0.058168285,-0.2554388,-0.49890825,-0.17886108,0.6268912,0.16212583,-0.22716598,0.9963471,0.3526436,-0.5886044,-1.2663312,-0.9726345,-0.6843414,-0.44153935,0.011249214,,-0.12747203,0.6248703,0.8231222
ACH-000733,NCIH1838,Lung,Non-Small Cell Lung Cancer,Lung Adenocarcinoma,NSCLC Adenocarcinoma,,,0.04405206,0.069012284,0.5301007,0.9039893,-0.26953506,0.03049378,0.13881584,-0.040148713,-0.18278904,-0.3424189,0.010616069,0.14852531,0.34062615,0.12405518,-0.4892199,0.02781075,0.33264023,0.43084782,0.34773806,-0.33843753,0.117351376,0.33947366,0.30961883,-0.36807734,0.02029749,0.095803246,0.07159755,-0.070324086,-0.03696248,-0.1773514,0.26607946,0.36538416,0.5676678,0.8841791,0.71193075,2.0821867,-0.15727775,0.0410982,-0.117225535,0.11017266,0.2680107,0.8093935
ACH-000894,NCIH1869,Lung,Non-Small Cell Lung Cancer,Lung Squamous Cell Carcinoma,NSCLC Squamous,,,0.21850277,0.04966384,0.19247794,0.26297274,0.20199247,0.19667242,-0.03419707,0.027894232,-0.42731252,0.5014518,0.5303904,0.10779997,0.34432292,-0.18797214,0.27790532,-0.12004712,0.111547925,-0.273465,,-0.15576376,-0.1776239,-0.17272088,0.31594786,-0.2741505,-0.015141953,0.08911147,0.514964,-0.24087213,0.12563565,0.026788259,0.7065109,0.64082146,-0.39982024,-0.6833019,-0.6398631,-0.0244465,0.8373021,0.2146943,,0.22046432,0.10944965,0.08986468
ACH-000586,NCIH1876,Lung,Lung Neuroendocrine Tumor,Small Cell Lung Cancer,,,,-0.06834857,-1.0313014,-0.7055821,-1.957052,-0.71893615,-0.33200374,-0.30971268,-0.29076153,-0.6267124,0.12269983,0.30259064,0.50338817,0.74536115,-0.18842083,-0.35272753,-0.741222,0.7572394,0.035634477,1.5606169,-0.3949209,1.1458347,0.8709778,-0.48745382,-0.32894522,0.98647845,0.68537754,-0.5621033,-0.42394015,0.19433016,0.17376618,-1.1963615,-1.0420265,0.015337059,0.42648542,-0.4007084,-1.1627414,0.19206566,-0.25535846,-0.1457566,-0.1085999,-0.33340362,-1.0847136
ACH-000434,NCIH1915,Lung,Non-Small Cell Lung Cancer,Large Cell Lung Carcinoma,NSCLC Large Cell,,,0.1295848,-0.4352066,0.26053634,-0.1407954,-0.20316297,-0.054681633,0.1630757,0.327172,-0.07848541,0.07217502,-0.47411504,-0.5167504,-0.2560984,-0.14784572,0.17267111,0.029700674,-0.13284397,-0.077909745,,1.108658,0.031595174,-0.13232791,-0.5016839,0.9383213,-0.2372942,-0.5869356,-0.36087778,0.33220562,-0.15940914,-1.2943047,-0.55044585,-0.5910682,0.7136024,0.13134165,-0.003461982,-0.2318882,1.3285048,0.08100184,,-0.031001415,0.20829755,0.241374
ACH-000870,NCIH1930,Lung,Lung Neuroendocrine Tumor,Small Cell Lung Cancer,,,,0.5260471,0.23846349,-0.53797704,1.0222917,0.22906499,0.20578347,-0.43623963,-0.30794507,0.5587744,0.7279367,0.6079145,0.58005303,-0.16100827,0.77969503,-0.14092286,0.518753,0.7934435,0.91270536,-0.61282367,-0.41766235,0.45542938,1.3716613,0.8052398,-0.54091674,0.5083537,-0.08396188,0.008148793,-0.51624703,0.74727565,0.6621614,-0.9473364,0.24569365,0.635458,1.576293,1.2638375,0.03721007,0.3250281,0.000457138,-0.21423745,0.25072128,-0.18924871,-1.5416956
ACH-000587,NCIH1975,Lung,Non-Small Cell Lung Cancer,Lung Adenocarcinoma,NSCLC Adenocarcinoma,,,0.49323466,-0.08806671,0.21137682,-0.10941954,0.14773662,-0.03824328,0.18780176,0.0728363,-0.08021699,-0.14212938,-0.14793889,-0.42266616,-0.45944476,-0.09490379,0.14867099,0.73994386,0.07923005,0.16043712,0.00545392,0.5773617,0.16699025,-0.69908077,0.2093005,0.7140791,-0.04412642,0.21697757,0.53739727,0.36652103,0.19211952,-0.20932524,0.100903645,0.012392314,0.8607199,0.6861581,0.26857448,-0.06531323,0.13594818,0.06551751,-0.01845719,-0.02453699,0.15013109,-0.10786215
ACH-000886,NCIH2009,Lung,Non-Small Cell Lung Cancer,Lung Adenocarcinoma,NSCLC Adenocarcinoma,,,-0.061579537,-0.07943669,-0.023636779,,0.41844705,0.26999,-0.5967776,0.38287318,1.2103581,0.26347768,-0.063199975,-0.437784,-1.0239624,0.8660231,0.00803991,0.4238644,0.1389175,0.5942427,-1.5029277,0.2906393,0.12297769,-1.0647578,-0.23095034,0.20227009,0.32263654,0.6240881,0.37159252,-0.33914584,0.29410422,0.5495156,-0.7738561,-0.14292069,0.46536168,0.5279882,0.13403435,-0.9066266,0.411151,0.0394828,-0.1166583,-0.20834321,-0.19993325,-0.5354975
ACH-000781,NCIH2023,Lung,Non-Small Cell Lung Cancer,Lung Adenocarcinoma,NSCLC Adenocarcinoma,,,-0.19963954,-0.1137632,-0.0771574,-0.2754828,-0.0878025,0.33850616,0.15502994,0.42558235,-0.26010713,-0.725485,-0.6124759,-0.6375349,-0.5364579,-0.71719223,0.15551478,-0.027889507,-0.9289562,-0.40798393,,0.2223551,0.4633598,0.4223885,0.41358003,0.21744837,0.07305459,-0.33883736,0.19112296,0.046299007,-0.1316269,-0.30475616,-0.15936314,-0.20336534,-0.099911585,0.042434957,0.24994123,0.44195756,0.6749527,-0.08045141,,-0.10710306,0.09024014,0.32100618
ACH-000521,NCIH2030,Lung,Non-Small Cell Lung Cancer,Lung Adenocarcinoma,NSCLC Adenocarcinoma,,,-0.42587733,-0.40293464,-0.5741103,,-0.27998865,-0.29227862,-0.87074435,-1.1419078,0.14616004,0.37352717,-0.038042076,-0.4957223,-0.49274358,0.4500569,-0.80967486,0.24719562,-0.22184396,0.7109771,-0.7090277,-0.1783946,-0.12199579,-0.7846714,-0.7481996,-0.13753772,0.8067086,0.6990387,0.80952805,0.03179672,1.0553902,0.43799525,0.04317306,0.42359892,0.72105205,1.0052903,1.0782411,-1.4010497,-0.04241998,-0.028256427,0.040939722,-0.008988977,0.35611904,0.73891795
ACH-000727,NCIH2066,Lung,Lung Neuroendocrine Tumor,Small Cell Lung Cancer,,,,0.02617638,-0.43964356,-0.6813392,-0.32487658,-0.637186,-0.10326017,-0.3439316,-0.54875416,-0.15226592,-0.2973306,-0.104429975,0.1050596,-0.2748094,-0.001790282,-0.1031057,-0.48205835,-0.42876768,-0.57148415,,0.6222799,0.9943235,1.4061111,-0.024049653,-0.06557436,0.009119457,0.25636882,-0.79728824,-1.0185268,-0.850339,-0.8193711,-0.526863,-1.147127,-0.3720893,0.38726664,0.5261636,-0.4186304,-0.15748437,-0.37858263,,-0.5205391,-0.3109987,-0.57412475
ACH-000590,NCIH2073,Lung,Non-Small Cell Lung Cancer,Lung Adenocarcinoma,NSCLC Adenocarcinoma,,,-0.1550378,-0.10985875,-0.7068292,-0.75166744,0.005013248,0.10128015,-0.11436671,0.003536763,-0.85567945,-0.6103145,-0.5288981,-0.20849814,0.16241497,-1.3586022,-0.06334401,-0.44819164,-0.5867335,-0.70146984,8.5451,0.6749615,0.060094953,0.632826,-0.27628288,0.29042605,0.04295164,-0.2565362,0.52143496,0.005051058,0.11329081,0.7424456,-0.1326514,0.6230089,-0.5371204,-1.4380791,-0.8404114,0.42396936,0.8651684,0.32741177,0.15640746,0.55307937,0.4526911,0.6153568
ACH-000394,NCIH2081,Lung,Lung Neuroendocrine Tumor,Small Cell Lung Cancer,,,,-0.27761626,0.5474266,0.50990176,0.071347125,-0.4192419,-0.46282777,-0.070228525,0.044291046,0.98819274,-0.5918743,-0.36448583,-0.43909606,0.14838034,0.69813275,-0.3392981,-0.35078317,0.555041,0.022238309,,-1.8708737,-1.2768619,-1.1389757,-1.4742501,-0.8169483,-0.37273782,-0.006739839,-0.5082203,-0.58199006,0.023136785,0.5855082,-0.2323988,-0.42829376,-1.7377744,-1.0957489,-0.49380562,-1.178301,-0.24894659,-0.000165489,,0.008240602,0.30028233,-0.14776497
ACH-000841,NCIH2087,Lung,Non-Small Cell Lung Cancer,Lung Adenocarcinoma,NSCLC Adenocarcinoma,,,0.13806844,-0.17415011,0.048138212,-0.08590067,0.27277282,0.121360034,0.20061274,0.38122758,0.11120937,0.58713615,-0.1629969,-0.37123415,-0.43061307,0.14584304,0.019589629,-0.09997825,0.014828148,0.026607106,,0.6665901,0.028041275,-0.3403249,-0.094848216,0.282217,-0.4426559,0.06629337,-0.2711611,-0.01963168,-0.000587324,-0.042760715,0.25638428,-0.14503741,0.16200988,0.25352284,0.3583425,0.10794009,0.3836628,-0.037476502,,0.04110952,-0.26080903,-0.30297193
ACH-000929,NCIH2110,Lung,Non-Small Cell Lung Cancer,Non-Small Cell Lung Cancer,,,,0.9061386,0.18999648,-0.47652897,,-0.68170756,0.09145985,0.4785548,0.7297885,-0.6683001,-0.5018825,-0.14209904,0.14629142,0.4384915,-0.7416864,-0.4945724,-0.57390976,-0.17417994,-0.64773333,-0.85184616,-0.116621144,-1.0590308,-0.90448105,0.51218885,0.6143291,-0.27416524,0.8206206,1.1714664,0.35455406,0.019414892,0.22770023,0.16930136,-0.3404045,-1.9073341,-1.9610088,-0.6713507,-0.8026071,-1.0343412,-0.047720935,0.007947014,-0.045836218,0.4282,0.8026055
ACH-000481,NCIH2170,Lung,Non-Small Cell Lung Cancer,Lung Squamous Cell Carcinoma,NSCLC Squamous,,,-0.12849028,-0.49876034,-0.58266354,-0.110635854,-0.5840228,0.054012544,-0.10513857,-0.102572374,-0.8404261,0.2252102,0.6075259,0.7381017,0.9269326,-0.55653673,0.032322086,0.04740468,0.35354578,0.33401415,,-0.5058314,-0.3693693,-0.32288077,-0.33831564,-0.42972964,0.01254491,0.07680944,0.009612732,-0.046924967,0.46588385,0.6885195,-0.6808776,-0.018321367,-0.5615019,-0.5990533,-0.6000052,-0.599318,0.2899999,0.038660586,,0.07375782,0.053102747,0.1166255
ACH-000525,NCIH2171,Lung,Lung Neuroendocrine Tumor,Small Cell Lung Cancer,,,,0.027067902,0.24506985,0.03931638,0.38549623,-0.004628844,-0.12497319,-0.20782758,-0.5883983,-0.30671594,0.6836254,0.8446221,0.59219867,0.50972515,0.14395839,0.06637296,0.7226744,0.4617338,0.92119414,,0.13823947,0.45649466,0.16516879,-0.48632067,-0.06301874,0.22826609,0.25952756,-0.56193,0.23913652,0.30862272,0.42581093,0.033397406,-0.15019661,0.89542896,1.1029456,0.8475311,-0.1377434,-0.031434875,0.069348246,,0.087245785,0.23811719,-0.08471604
ACH-000924,NCIH2172,Lung,Non-Small Cell Lung Cancer,Non-Small Cell Lung Cancer,,,,0.116498135,0.06792103,0.19085392,-0.20074712,0.49514395,0.18195602,0.35047603,-0.21784389,-0.7062353,-0.041571572,0.14995259,-0.34518796,-0.49584496,-0.7974352,-0.077130094,-0.047467638,-0.21607617,-0.04957097,0.5535445,1.8899121,0.7157208,0.25959688,0.41679847,1.0730534,-0.12899314,-0.08401756,0.49712315,0.22227469,-0.60226184,-0.9797001,-0.6655717,-1.3485259,0.33529893,-0.05041798,0.39183867,-0.49722716,0.8190064,-0.11566346,-0.025784425,0.050452966,-0.09748477,0.1856207
ACH-000399,NCIH2196,Lung,Lung Neuroendocrine Tumor,Small Cell Lung Cancer,,,,0.30715925,0.29207757,-0.66144407,0.9082835,-0.038535703,-0.010364857,-0.018215034,0.11950155,1.2878964,0.71118045,0.56324613,0.9189412,0.88192856,1.8403561,0.2841621,0.9472485,0.8142221,2.2870398,,-0.5536506,-0.12839064,-0.28545314,-0.43950734,-0.36561617,0.1986079,-0.05016926,-0.16434787,-0.36564237,0.61890453,0.7952551,0.1812776,0.68618447,1.5258281,1.0068314,0.6760918,0.28926373,0.8424803,0.2066518,,0.15600488,-0.21914297,-0.97625756
ACH-000447,NCIH2228,Lung,Non-Small Cell Lung Cancer,Lung Adenocarcinoma,NSCLC Adenocarcinoma,,,0.18016392,0.14586566,-0.012185518,,0.013237697,-0.20366757,0.6882856,1.0667651,-0.044615127,-0.98772657,-0.47526827,-0.7380712,-0.28386402,-0.2882579,0.5791142,-0.2676374,0.022577751,0.03373642,,0.97289884,0.45264733,-0.8090454,0.5878869,0.92996234,0.27751777,0.43502158,0.26445523,0.3635619,-0.08905076,0.08220091,-0.779821,-0.43410218,-0.3904946,0.004866687,0.15032685,-0.1483144,0.7654782,-0.1450424,-0.03571299,-0.040121224,-0.4574088,-0.5260691
ACH-000912,NCIH2286,Lung,Lung Neuroendocrine Tumor,Small Cell Lung Cancer,,,,0.11979252,0.006352822,0.00652696,0.30605838,0.23097791,0.23283596,0.18650852,0.67363816,-0.7747839,-0.79437643,-0.74277294,-0.6543127,-0.20887186,-0.92090297,0.12932086,-0.38673916,-0.48875722,-0.9318539,2.8552847,0.24441037,-0.10670803,-0.32686967,-0.1481297,0.17424473,0.12895726,0.06598574,0.12401426,0.0918704,0.15069982,-0.14755131,-0.13767193,0.38533634,-0.9126782,-0.67725354,-1.0834969,-0.1754481,0.760017,-0.11550909,0.08718889,-9.11e-05,0.2961152,0.8029808
ACH-000718,NCIH2291,Lung,Non-Small Cell Lung Cancer,Lung Adenocarcinoma,NSCLC Adenocarcinoma,,,-0.1327139,-0.35378805,-0.2694862,-0.2247277,-0.98701465,-0.5438795,-0.11900061,0.01420813,-0.72967887,-0.20229158,-0.002191433,0.06159589,0.47735313,-0.2827276,-0.14127634,-0.24178514,-0.41462898,-0.3330782,,-0.48813882,-0.8870193,-1.3130847,-1.0793409,-0.55085117,-0.7184305,-0.6726914,-0.43665445,-0.33400953,-0.26946697,-0.14845954,-0.009464144,0.57120204,-1.4674318,-0.71330714,-0.6262887,-0.7871878,-1.3454449,-0.35019997,,-0.24093772,-0.41270745,-0.67047846
ACH-000951,NCIH2342,Lung,Non-Small Cell Lung Cancer,Lung Adenocarcinoma,NSCLC Adenocarcinoma,,,0.16205569,0.2618247,-0.11705008,-1.542387,0.39315116,0.18979236,-0.2625723,0.22326499,0.36793515,0.25655565,0.099296354,-0.38656682,-0.3778605,0.3599878,0.040283892,-0.18472062,-0.03745653,-0.26518786,0.7841068,-0.31938758,0.001836923,-0.11903681,-1.1156132,-0.051581778,0.26741987,0.49925715,-0.800116,-0.16406079,0.2840872,0.32631564,0.15602945,0.07160379,-0.7990291,-0.4871907,-0.4974687,-1.0703216,0.14443406,0.006475819,0.040450376,-0.03770506,0.36829823,0.6081052
ACH-000875,NCIH2347,Lung,Non-Small Cell Lung Cancer,Lung Adenocarcinoma,NSCLC Adenocarcinoma,,,0.5708517,0.098057225,0.2383791,0.06952688,0.22349949,0.18509236,0.3542064,0.54140866,-0.23919368,0.026750777,-0.13705955,-0.40957838,0.42285386,-0.2938969,0.3141534,-0.60683835,0.028357005,-0.69106454,,0.25550503,0.046342734,-0.14779456,0.13992524,0.14768848,0.08662055,0.014116416,0.5939044,0.10414502,0.06222398,-0.22891046,0.28566498,0.35101742,-0.45156425,-0.8647338,-0.90361756,-0.2630974,-0.066378556,0.23779942,,0.20301896,-0.13298017,-0.3434775
ACH-000121,NCIH2405,Lung,Non-Small Cell Lung Cancer,Lung Adenocarcinoma,NSCLC Adenocarcinoma,,,-0.23885189,0.09995766,0.03596652,-0.40281752,-0.16405743,0.17837498,0.03593638,0.45607772,-0.4196659,-0.7303303,-1.0290848,-0.9233821,-0.64826596,-0.27547505,-0.042557873,-0.16776723,-0.453754,-0.17155696,,-0.29394478,-0.2920471,-0.24351627,-0.44076854,0.1167651,-0.18456426,-0.2760103,-0.410851,-0.058843583,-0.17270035,-0.10647077,-0.58074623,-0.20291473,-0.27683502,-0.27690488,-0.09846303,0.022484258,0.7726185,-0.10817386,,-0.09467274,-0.10077105,0.06428674
ACH-000186,NCIH2444,Lung,Non-Small Cell Lung Cancer,Non-Small Cell Lung Cancer,,,,-0.22908752,-0.2129386,-0.12019724,-0.44859424,0.18490677,-0.010959896,0.2347961,0.28250164,-0.21841961,-0.31488538,-0.5442263,-0.8164273,-0.2680492,-0.016760178,-0.110248566,-0.5486269,-0.2010292,-0.4539192,,2.0968757,2.8613436,2.8294332,1.7771662,-1.651848,-2.4408526,-2.7841845,-2.706826,-3.0305114,-2.8306036,-3.3154316,-3.1107895,-3.6315305,0.62545997,1.5891396,1.8592979,1.0700536,2.28298,-0.16829284,,0.029631792,-0.23703793,-0.59832996
ACH-000729,NCIH1963,Lung,Lung Neuroendocrine Tumor,Small Cell Lung Cancer,,,,0.021378301,0.30782142,0.017641721,0.26662937,-0.13902158,-0.5518172,-0.54440314,-0.73329604,0.068265356,0.7894982,0.45426923,0.4311624,0.38509017,0.61154217,-0.2948931,0.007576954,0.2184195,-0.055077557,,-0.7791512,-0.031990953,0.24179293,-0.7879036,-0.82166386,0.04752043,0.20137794,-0.6269063,-0.47813898,-0.06745163,0.018170355,-0.013677044,-0.45704395,-0.8775471,-0.054192208,-0.042299736,-0.7833344,0.3257079,-0.17374006,,-0.14437445,-0.43250194,-0.9343671
ACH-000311,NCIH2122,Lung,Non-Small Cell Lung Cancer,Lung Adenocarcinoma,NSCLC Adenocarcinoma,,,-0.08765913,-0.11495695,-0.00652696,,0.09044355,-0.16496351,-0.5395065,0.027615199,-0.1489891,0.32260072,-0.024976201,-0.42595437,0.12758894,-0.03687331,-0.04812548,0.095527194,-0.030439276,0.2771197,-0.13117409,0.9084302,0.44049707,0.23082481,-0.27806005,-0.044556554,0.28773662,0.4942634,-0.12897114,-0.6707839,-0.09780097,0.33272296,-0.9664876,-0.38912213,-0.3015283,1.506455,0.51468587,0.18515112,-0.25718892,0.008878019,0.085719675,0.025568068,0.2748119,0.56963813
ACH-000858,KNS62,Lung,Non-Small Cell Lung Cancer,Lung Squamous Cell Carcinoma,NSCLC Squamous,,,0.22852175,-0.01960574,-0.21364975,-0.36869106,0.947222,-0.03474556,-0.20973837,-0.107303075,0.37844685,0.5107934,-0.1787027,-0.35085908,-0.25788313,-0.11225123,0.14260878,-0.12235181,0.34714085,-0.09916339,0.9698646,1.2453481,0.4021366,-0.16506007,-0.3446086,0.485736,0.3295625,-0.08907611,-0.7145414,0.5273917,0.1964554,-0.44688007,-0.03284441,-0.22638087,2.0224564,-0.06747279,-1.0650336,-1.1280719,2.329084,0.13402379,0.19121246,-0.025319755,0.24521738,0.47840258
ACH-000355,NCIH82,Lung,Lung Neuroendocrine Tumor,Small Cell Lung Cancer,,,,-0.17940359,0.16463795,0.15588874,-0.07341149,-0.39955834,-0.015770925,0.024750916,-0.16967472,-0.2556537,0.23301812,0.14833292,0.26239377,0.06055057,-0.020385036,-0.4539382,0.6143944,-0.33418894,1.3896184,,0.51740175,0.72639114,0.82102215,-0.0492576,0.055644467,0.21779732,0.3559341,-0.44560865,-0.15299119,-0.2976842,-0.6101556,-0.7949438,-0.8616355,1.571357,1.7563708,1.4005669,0.52159584,0.93989724,-0.19477263,,-0.20523521,-0.66432726,-1.3276811
ACH-000358,NCIH69,Lung,Lung Neuroendocrine Tumor,Small Cell Lung Cancer,,,,-0.03200773,0.27400076,0.43612498,0.09594698,-0.22675893,-0.17700581,-0.3326448,0.22472769,-0.7950176,0.2591484,0.26468498,0.161991,0.19251736,-0.32591733,0.16716136,0.32875535,0.06967428,0.46212286,,0.24446994,-0.6591972,-0.7862814,-0.8069997,-0.07178064,-0.66320837,0.030913875,-0.3867273,0.10069908,-0.095773175,0.14586997,0.43169445,0.36452284,0.5354091,-0.096077435,-0.33515432,-0.60415876,0.49449095,-0.09040464,,-0.09600095,-0.000399965,-0.22676097
ACH-000800,NCIH446,Lung,Lung Neuroendocrine Tumor,Small Cell Lung Cancer,,,,-0.17014202,-0.0959988,-0.085158795,0.04829514,0.05998154,-0.13780726,0.007305547,-0.33182117,0.046678882,-0.051046964,-0.2126834,-0.11351708,0.08864419,-0.26484862,-0.20830023,0.2522031,0.029909685,0.54920065,0.70206714,0.66498995,0.5496807,1.6601447,-0.17979239,0.41510186,-0.062751755,-0.7018049,-0.38876995,0.056510396,-0.37360302,-0.5236606,0.3380422,-0.42735913,0.96538323,1.1292998,0.7369054,1.7971767,0.8778877,-0.09006063,-0.9235193,-0.16050263,0.2174621,0.15134066
ACH-000506,NCIH146,Lung,Lung Neuroendocrine Tumor,Small Cell Lung Cancer,,,,0.10735521,-0.6324961,-0.41059327,-0.005334557,0.27940813,-0.052148733,-0.4592172,-0.08572048,0.104324795,0.25307506,-0.11872031,-0.57631606,-0.16653207,0.065392494,-0.19449416,0.18018496,0.2702802,0.13572802,,-0.041144166,-0.2757678,-0.5669506,-0.47087058,0.038585987,-0.27938333,-0.49431977,0.04100603,0.3503624,-0.17682889,-0.07443166,0.6644748,-0.24582817,-0.090040356,-0.057057753,-0.305393,-0.3786247,-0.21699382,-0.088029124,,0.010259456,-0.25504878,-2.0236964
ACH-000638,NCIH441,Lung,Non-Small Cell Lung Cancer,Lung Adenocarcinoma,NSCLC Adenocarcinoma,,,-0.014299956,-0.5701744,-0.6906186,-0.32240656,0.19255427,-0.11859939,-0.32484308,0.35839096,-0.075857684,-0.12873112,-0.533851,-0.8783012,-0.49247304,-0.057524282,0.07110431,-0.38366953,-0.46920046,-0.58872235,,0.49758092,-0.392905,-0.95907503,-0.7900758,0.5944937,-0.38437057,-0.6567982,-0.64394933,0.085626684,-0.025959859,-0.7824275,-0.15639463,0.06476638,-0.019344157,-0.40622938,-0.7510441,-0.7327433,-0.33934584,-0.09155189,,-0.08041173,-0.29083505,-0.59399736
ACH-000463,NCIH460,Lung,Non-Small Cell Lung Cancer,Large Cell Lung Carcinoma,NSCLC Large Cell,,,-3.6032643,-3.8097103,-4.3841753,,-3.644727,-3.7534811,-3.6700306,-3.7035978,-3.4944584,-3.2278123,-3.5361083,-3.6101747,-3.5544138,-3.0113146,-3.8575914,-4.330411,-3.2192924,-3.7901485,,-0.4207667,-0.54151213,-0.37611696,-0.079386726,-0.1651494,-0.25699782,-0.018689167,-0.11973646,-0.028727273,0.18766077,0.072398454,-0.32466388,0.2769265,-1.6878136,-1.3652061,-1.0510069,-0.8113402,-0.95306057,0.054976646,,0.065125085,0.19732052,0.199883
ACH-000628,NCIH596,Lung,Non-Small Cell Lung Cancer,Lung Adenosquamous Carcinoma,NSCLC Adenosquamous,,,0.16778444,0.5569618,0.21582142,-0.09294061,-0.6552041,0.30959663,0.063899465,0.0343085,0.3922586,-0.81480825,-0.1843488,0.17706278,0.03429374,0.091353275,0.13717137,0.26033545,-0.67122877,-0.1024065,,0.063895874,-0.054987516,0.21794726,0.11796974,0.011094357,-0.23463428,0.2449765,-0.08675213,-0.24501126,-0.7183908,0.46264976,-1.0473379,-0.748991,-0.6871532,-0.36346522,0.22119667,0.44530228,-0.15367317,-0.014447814,,-0.047664717,0.15198973,0.48652533
ACH-000395,NCIH520,Lung,Non-Small Cell Lung Cancer,Lung Squamous Cell Carcinoma,NSCLC Squamous,,,-0.2464253,-0.28210026,-0.104467995,0.5388774,0.088945724,0.003627973,-0.5770819,-1.1427937,1.170513,1.0687093,1.186636,0.37690935,-0.06836944,1.3676356,-0.018248525,0.3518386,0.77839977,1.0015181,,-0.19211482,0.5754818,0.09193574,-1.3143861,-0.15429893,0.33781666,0.022652375,-0.81037456,-0.8023589,0.82838285,0.9488392,-0.93918437,0.52608675,0.5720289,1.3238643,0.8566387,-0.59988606,0.0561464,0.08040317,,-0.012363049,0.24496277,0.20461044
ACH-000511,CALU1,Lung,Non-Small Cell Lung Cancer,Lung Squamous Cell Carcinoma,NSCLC Squamous,,,0.004604848,-0.34790602,0.36207452,-2.9701,0.34574795,0.26033512,0.31914762,0.22501446,1.5050159,-1.0910147,-1.5099407,-1.0796301,-0.44183594,0.58260214,0.14786577,-0.065211326,-0.7756023,-1.037213,0.0,0.72997427,0.109875455,0.15094401,-0.073864184,0.73949105,0.2256953,-0.2576733,-0.2881703,0.43494546,-0.39988354,-0.14069481,-0.14935899,-0.5971558,0.000391941,-0.4371123,-0.6297157,-1.4025567,0.4834724,-0.07642729,0.24423395,0.023280049,-0.5657651,-0.63422036
ACH-000392,CALU3,Lung,Non-Small Cell Lung Cancer,Lung Adenocarcinoma,NSCLC Adenocarcinoma,,,-0.71820885,-0.6298938,-0.5200221,-4.404702,0.44240642,-0.15385921,-0.11882542,-0.2709941,-0.45766604,0.0,-0.28206939,-0.62046576,-0.81953686,-0.4633376,0.19907399,-0.37621585,-0.65980804,-0.8607324,0.32837957,0.23210485,-0.1237742,-0.17588283,-0.18429498,-0.19195636,-0.26354733,-0.13811448,0.21636786,-0.30777094,0.012224021,0.024823196,-0.5380829,0.044517294,-0.6064195,-0.58103865,-0.9869047,-0.6046901,-0.60040987,-0.18032242,-0.59195566,-0.12567428,-0.011850452,0.2148862
ACH-000264,CALU6,Lung,Non-Small Cell Lung Cancer,Lung Adenocarcinoma,,,,0.29883236,0.46062526,0.05171746,-0.021889286,-0.047378287,0.25762567,-0.081443354,0.8746878,-0.78396124,-0.095578566,0.068704054,0.31658804,0.48276356,-0.62514347,0.20958789,0.061186206,0.34174502,0.26517594,0.8794833,-0.5780243,-0.58567184,-0.8825627,0.51579386,-0.20855947,-0.43455473,0.6851973,0.76891875,-0.24549225,0.32378256,0.2650793,0.49425814,0.6393159,-0.73173827,-0.5101663,-0.7016005,-0.37272224,-0.041424207,-0.027124908,0.07312646,-0.19952135,0.2665501,0.6377214
ACH-000309,SKLU1,Lung,Non-Small Cell Lung Cancer,Lung Adenocarcinoma,NSCLC Adenocarcinoma,,,0.20308213,-0.14848772,0.3852107,-0.003796439,0.62024903,0.23584431,0.025839299,-0.13679647,0.6227045,0.006614699,-0.3521378,-0.7367313,-1.2499391,-0.005171802,0.20871276,-0.36430266,-0.64119387,-0.37678838,,-0.34056187,0.37286282,0.31878456,0.11455743,-0.5838292,0.5073285,0.6782572,-0.051574074,-1.0799781,0.35732478,0.76629484,-0.9379946,0.003380355,-0.87956005,0.001619868,-0.07891048,0.17729287,0.15217164,-0.04435268,,-0.012933125,0.1513775,0.111741334
ACH-000665,SKMES1,Lung,Non-Small Cell Lung Cancer,Lung Squamous Cell Carcinoma,NSCLC Squamous,,,-0.21978834,-0.49325275,-0.19474992,-0.29600093,-0.34165993,-0.22055095,0.40814397,0.050536457,-0.5221387,-0.41181797,-0.4227882,-0.058728766,-0.21033026,-0.15585274,0.30692646,-0.2989725,-0.45571318,-0.5308994,,1.1637715,1.9851491,2.092471,0.9257252,-0.9647471,-0.4884087,-0.15258394,-0.6714475,-1.4823742,-0.9061597,-0.62207526,-1.2298844,-1.091517,0.52396923,1.3666552,1.3956294,0.039514545,1.239182,-0.10510329,,-0.15672578,0.04700943,-0.19467387
ACH-000669,SW900,Lung,Non-Small Cell Lung Cancer,Lung Squamous Cell Carcinoma,NSCLC Squamous,,,-0.37394306,-0.7934505,-0.35684767,0.38456586,-0.9441632,-0.48219937,-0.48733315,-0.6154339,-1.3203298,0.073102266,0.37313804,0.828186,0.4516011,-0.58240545,-0.21577169,0.40879202,-0.34226993,-0.051627096,,-0.8466644,-0.5003356,-0.45557877,-0.9683303,-0.8591834,0.05965216,0.654329,-0.22391789,-1.0553329,0.1033994,0.5668041,-1.6301844,-0.4613388,-1.1750056,-0.6510931,-0.41853458,-0.922103,-0.17045768,-0.19964865,,-0.22388513,-0.050215483,-0.29867867
ACH-000444,LU99,Lung,Non-Small Cell Lung Cancer,Giant Cell Carcinoma of the Lung,NSCLC Large Cell,,,0.17073011,-0.0705255,0.61496544,0.38150993,0.3611405,0.07872542,-0.071200036,0.43678987,0.20711282,0.39907536,0.33854035,0.30873027,0.12381395,0.35637203,0.20794028,-1.0345178,0.7148798,-0.530358,,0.67847943,1.6458552,1.6872845,0.97030544,-0.13142431,0.9989287,1.355492,0.4985255,-1.6503011,0.045434058,0.23120047,-2.5281563,-1.5137274,-0.13051122,0.1303381,0.2862954,0.23154107,0.84256357,0.11373539,,0.05247983,0.039685037,-0.08958977
ACH-000062,RERFLCMS,Lung,Non-Small Cell Lung Cancer,Lung Adenocarcinoma,NSCLC Adenocarcinoma,,,-1.250805,-0.96318924,-1.2436966,-3.677527,-0.75852513,-0.84257925,-0.8724361,-0.32512403,-1.3034483,-1.4134136,-1.8353786,-1.9401915,-1.4396328,-1.7985053,-0.8151441,-1.0961102,-1.6536853,-1.3681265,-0.099462084,-0.12584266,-0.46118274,-0.089029044,-0.042147495,0.029895851,-0.534647,-0.34133458,-0.08891247,-0.06915896,-0.52488214,-0.30455124,-0.31769934,0.034010835,-0.4743363,-0.5225127,-0.17806207,0.17188564,-0.20937862,-0.23422682,0.031397175,-0.24483909,-0.03297303,0.27820837
ACH-000482,RERFLCKJ,Lung,Non-Small Cell Lung Cancer,Lung Adenocarcinoma,NSCLC Adenocarcinoma,,,-0.41088575,0.036881953,-0.10311162,0.06449177,-0.47664976,-0.5431242,-0.52246016,0.17803285,0.41095734,-0.07394287,0.26451522,0.311049,0.6018818,1.2901653,-0.18192045,-0.14705256,0.22041735,0.5770146,,-0.58398235,-1.2162914,-1.0090616,-0.68859226,-0.39865994,-0.96406496,-0.81301594,-0.12877004,-0.14170316,-0.2714667,-0.15810359,0.6798434,0.7232284,0.025063332,-0.4075634,-0.008194951,0.079054184,-1.0487798,-0.36382383,,-0.109675094,-0.46295908,-0.6886934
ACH-000528,ABC1,Lung,Non-Small Cell Lung Cancer,Lung Adenocarcinoma,NSCLC Adenocarcinoma,,,-0.14273626,-0.021129003,-0.49779093,-12.4710865,-0.34350353,-0.057915263,0.20731576,0.5907754,-0.5593017,0.047830544,0.18134096,0.3322328,0.33028328,-0.3308728,-0.008394958,0.06632694,-0.20110543,0.03416212,-1.8405362,-0.06260656,0.46269056,-0.29657218,-0.09026639,-0.59937537,0.5285604,0.8653849,1.0711745,-0.18338189,0.5898589,-0.23845084,-0.6316049,-0.5999286,-2.643782,0.28985938,-0.37672988,-0.3564606,-1.0321716,0.027454106,0.072453834,0.041951507,-0.05808851,-0.17854914
ACH-000670,SBC5,Lung,Lung Neuroendocrine Tumor,Small Cell Lung Cancer,,,,-0.00090794,-0.6504379,-0.45759174,-0.34626913,0.05515825,-0.07483214,-0.039129347,0.025165362,-0.6718889,-0.092282936,-0.28644645,-0.3221891,-0.27086848,-0.69885534,-0.2494508,-0.39348936,-0.33974805,-0.7934657,-0.39171037,-0.10641092,0.090436324,-0.19271298,-0.61072135,-0.1726842,0.27389696,-0.32862562,-0.29101643,-0.49458045,0.14724909,0.5428633,-0.55523604,0.03309756,0.013744082,-0.012418677,-0.26934776,-0.50527817,-0.5076551,0.009832121,-0.10130594,0.061724484,-0.015190333,0.01205834
ACH-000791,RERFLCAD1,Lung,Non-Small Cell Lung Cancer,Lung Adenocarcinoma,NSCLC Adenocarcinoma,,,-0.015846165,-0.08876748,-0.17538734,-0.08661161,0.3429641,0.13290161,-0.017429324,0.4244951,0.7261093,-0.3882581,-0.48986626,-0.8214836,-0.6973311,0.30008242,0.14290395,-0.31123817,-0.29742888,-0.24673282,,0.009897113,0.29106954,0.31321064,-0.29125753,-0.003300879,0.47427154,0.62834054,-0.001108733,-0.8069352,0.17869247,0.6030934,-1.709788,-0.5318025,-0.56112754,-0.029326105,-0.043465286,-0.35168743,0.46482387,-0.05383636,,-0.033785313,0.009606777,0.0593097
ACH-000774,RERFLCAD2,Lung,Non-Small Cell Lung Cancer,Lung Adenocarcinoma,NSCLC Adenocarcinoma,,,-0.31681076,0.0344286,-0.4784133,-0.5088335,0.37682706,0.11708339,0.55810523,0.7004606,0.71481836,0.12085078,0.01648801,-0.4129894,-0.591682,0.24877642,0.3222932,-0.19098948,0.33948845,0.22151098,-0.96280026,1.1677376,0.4455511,0.15141147,0.30120596,0.64467883,0.12391852,-0.014446857,0.57909423,0.26702443,0.1910619,0.7240529,-0.43549505,-0.3332943,0.031049894,0.11420656,0.020410666,0.44438607,1.1240579,0.057294693,0.07524376,0.032250624,0.17669992,-0.010793584
ACH-000843,HARA,Lung,Non-Small Cell Lung Cancer,Lung Squamous Cell Carcinoma,NSCLC Squamous,,,0.1884581,-1.0195148,-0.5983585,0.39085132,-0.14292595,0.06940188,0.010914715,0.5036258,-0.03833857,-0.5946912,-0.62550557,-0.31147182,0.10389694,-0.6265522,0.07322823,-0.26414013,-0.060354277,-0.5403261,-5.2033424,0.3681257,-0.63348097,-0.5654797,0.044999894,0.109174825,-0.21989194,-0.68185693,0.40981528,-0.18218574,0.41616583,-0.24450476,-0.80299634,-0.025717456,-1.3516169,,-1.4221731,-0.5665145,0.5131147,-0.2252019,,-0.1943625,-0.2747555,-0.3425426
ACH-000035,NCIH1650,Lung,Non-Small Cell Lung Cancer,Non-Small Cell Lung Cancer,NSCLC Adenocarcinoma,,,0.0941269,0.21028705,0.29562727,0.7052726,0.3144799,0.4105913,0.31729275,0.014401394,-0.13819045,-0.5625024,-0.7925006,-0.64131254,-0.71917903,-0.80181444,0.20681737,-0.13277654,-0.63914335,-0.6691326,0.66114265,-0.17152134,0.1277736,2.382535,0.9428795,-0.25046745,0.010301026,-0.1400717,0.24086149,-0.10451837,0.006936514,-0.16356398,0.3174763,0.28210184,-0.005083183,-0.007326383,0.007484561,1.7397658,0.54900396,0.05671084,-0.03729958,0.19767335,0.12876068,0.3818688
ACH-000705,LC1F,Lung,Non-Small Cell Lung Cancer,Lung Squamous Cell Carcinoma,NSCLC Squamous,,,-0.336588,-0.71918523,-1.1541028,-0.6619809,-0.51330435,-0.41941106,-0.56879175,-0.23278388,-0.71544,-0.37836057,-0.44624472,0.03424665,-0.100807816,-0.9153017,-0.42213547,-0.39090878,-1.0365803,-0.8043784,-2.4481213,-1.1560392,-0.5895304,1.7164648,-1.590604,-1.5810366,-0.17263214,-0.6352028,-0.8426614,-2.223911,-0.3086501,0.52960676,-2.357091,-0.8569947,-0.8820389,-0.29666102,-0.023362894,0.4782311,-0.58416355,-0.66832554,-0.77297324,-0.67852765,-0.8945085,-1.3044709
ACH-000261,RERFLCAI,Lung,Non-Small Cell Lung Cancer,Lung Squamous Cell Carcinoma,NSCLC Squamous,,,0.6763715,0.15684111,0.30978763,-0.10166413,0.5487717,0.10195029,0.5612708,0.9790262,-0.021022044,0.40021116,0.24562645,0.065413,0.8138455,0.061058525,0.2603865,-0.11189734,0.43896252,0.33585897,,1.5616826,2.2030253,1.8135331,0.8388898,0.738609,0.72274804,-0.42887434,-0.45273155,0.16287515,-0.034407914,0.01082673,-0.59806836,-0.48120502,0.56472665,0.7190135,0.7889862,0.013031561,1.1198908,0.242196,,0.31945038,0.02300222,-0.08234867
ACH-000672,IALM,Lung,Non-Small Cell Lung Cancer,Large Cell Lung Carcinoma,NSCLC Large Cell,,,-0.37010604,-1.359723,-0.4677583,-0.41904226,-0.6977661,-0.06307339,0.10496288,0.32390785,-1.0853859,-1.6316514,-1.5872604,-0.980564,-0.74384254,-1.8860116,0.005416292,-0.46058044,-1.2588763,-1.5526338,,1.7688452,2.565093,1.9416301,0.9194649,0.001408298,0.3604824,-0.56532484,-1.8673428,-3.040615,-2.5350654,-3.2322342,-4.675995,-4.6151237,0.4795489,1.0651945,0.9131838,0.06321364,2.0023408,-0.551233,,-0.47976673,0.2306714,0.22935669
ACH-000813,T3M10,Lung,Non-Small Cell Lung Cancer,Large Cell Lung Carcinoma,NSCLC Large Cell,,,-0.02101694,0.30581576,0.18124393,-0.18945125,0.04165037,-0.11982885,-0.12219642,0.75484306,-0.029166354,-0.50906014,-0.8105924,-0.8131924,0.14379215,0.058476012,0.12183394,-0.6793298,0.055707153,-0.6821968,1.6205853,-1.8053597,-1.2811056,-1.2423309,-1.7062225,-1.1882921,-0.6789638,-0.41834152,-0.7203895,-0.40627214,0.024220223,0.6153708,-0.27430966,0.38981912,-1.9671695,-1.4161483,-1.3732855,-1.6274787,-0.004782606,-0.045357067,-0.1860332,0.056440014,0.47529048,-0.016571447
ACH-000553,SQ1,Lung,Non-Small Cell Lung Cancer,Lung Squamous Cell Carcinoma,NSCLC Squamous,,,-0.5191198,-0.5310468,-0.78597695,-0.4212967,0.46312663,0.08438129,0.21671674,0.39422056,0.44400585,0.3321781,0.041229516,-0.31343696,-0.15083964,0.13185178,0.14772536,-0.5112039,0.51865077,-0.2848083,0.5174444,0.34028685,-0.43310443,-0.82271767,-0.084447004,0.6349736,0.15298194,-1.0573198,1.3840542,0.4083451,0.3746142,-0.1369646,0.25754318,0.16992834,0.057180244,-0.0836478,0.04828127,-0.75798345,0.9330091,0.10608277,0.07537969,0.052581135,0.3019222,0.000457316
ACH-000563,EBC1,Lung,Non-Small Cell Lung Cancer,Lung Squamous Cell Carcinoma,NSCLC Squamous,,,-0.011324742,-0.66362125,-0.39376298,0.43461305,0.32420886,0.30471674,0.10854248,-0.23505901,0.092205144,-0.008570378,-0.16996329,-0.6735587,-1.1770667,-0.33332354,0.11934544,-0.28315386,-0.4286542,-0.74427074,3.4125772,-0.02718247,-0.20353846,-0.45532486,0.04206418,0.60565084,-0.018087763,-0.2819547,0.10369464,0.62112373,-0.108492024,-0.9600224,-0.3980797,-0.5346232,-0.17880706,-0.5070459,-0.5260106,-0.3148153,-0.22116204,-0.11779532,0.027335243,0.059832226,-0.19347633,-0.7980312
ACH-000769,LK2,Lung,Non-Small Cell Lung Cancer,Lung Squamous Cell Carcinoma,NSCLC Squamous,,,0.260564,-0.22411527,0.012349472,,-0.12231228,0.26396185,-0.006595322,-0.53014827,0.7712888,0.7547358,0.7837719,0.6856025,0.47511017,1.1533362,0.14173575,0.37625003,0.8836832,0.7495072,1.8390846,0.21137394,0.71070766,0.616965,-0.20129976,-0.32035276,0.64717245,0.9551298,-0.22237468,-0.60334164,0.49985588,0.86598086,-0.637387,0.3381547,0.123986036,1.6794467,0.8510496,0.31534463,0.67837065,0.28050286,0.29959124,0.35231662,0.18737148,-0.09083197
ACH-000030,PC14,Lung,Non-Small Cell Lung Cancer,Lung Adenocarcinoma,NSCLC Adenocarcinoma,,,0.016964538,-0.27604136,-0.0469091,0.1263822,0.76379484,0.5308628,-0.000742748,-0.99977094,-0.07904595,0.3834426,0.44298804,0.29543066,-0.38903162,0.001790282,-0.025013039,1.1228153,0.018037362,1.0344384,,0.32155105,0.47621056,0.7713668,0.8770693,-0.14243393,0.11480342,-0.03415098,0.55204993,-0.003255226,0.30301166,-0.5075635,0.024357157,-0.5174631,1.6099119,1.4372089,1.2934984,1.7175745,-0.5787768,-0.061667673,,0.3236457,0.27165878,0.03636548
